﻿source,announcement_url,day_of_week,outage_date,outage_data
MEA,https://www.mea.or.th/en/public-relations/power-outage-notifications/news/H67NA7mNN,Wednesday,2021-10-06,"Bangkok : The power outage areas are;
08:30 AM – 03:30 PM
- Ram Inthra Road, Soi Ram Inthra117, Intersection 12 – 16."
MEA,https://www.mea.or.th/en/public-relations/power-outage-notifications/news/H67NA7mNN,Sunday,2021-10-03,"Bangkok : The power outage areas are;
08:00 AM – 03:30 PM
- Phet Kasem Road, Soi Phet Kasem 70-76, Pasanusorn Bangkae Commercial Technological College, and from the area in front of Yong Yut Clinic to that along the side Yai Thiap Canal. 08:30 AM – 02:30 PM
- Nawamin Road, Soi Nawamin 70, Intersection 3 – 10. - Ram Inthra Road, Soi Ram Inthra 81. 08:30 AM – 03:30 PM
- Rama Five Road, Soi Noi Noppakun Temple. - Ramkhamhaeng Road, Soi Ramkhamhaeng 24, Intersection 30 and 32. - The area along the side of Pho Kaeo Road, Soi Pho Kaeo 3, Intersection 19. - The area along the side of Rama Five Road, from the intersection at Gesagomon Bridge to Setsatian School for the Deaf. - The area along the side of Samae Dam Road, from Soi Samae Dam 15 to Koh Pho Village School, except  Soi Samae Dam 17. 09:00 AM – 02:00 PM
- Chok Chai 4 Road, Soi Chok Chai 4, Soi 84. 09:00 AM – 03:00 PM
- Charan Sanitwong Road, Soi City Home 1 Village, building B1 - B6 and City Home 2 Village, building A. Nonthaburi : The power outage areas
08:30 AM – 03:00 PM
- Thetsaban 2 Road, Soi Sinbodi Village. 08:30 AM – 03:30 PM
- Sai Ma Road, Soi Manirin Village. - The area along the side of Nakhon In Road, from Sammakon Village to the used furniture shop before crossing Bang Krai Canal. Samutprakan : The power outage areas
08:00 AM – 03:00 PM
- Rot Rang Sai Kao Road, Soi Zinsano Co. , Ltd, Soi A. P. Honda Co. , Ltd, Soi Toyota Motor (Thailand) Co. , Ltd, Soi Phuk Mit, and from Marine Nutrition Co. , Ltd to the area behind Phu Chao Fresh Market. 08:30 AM – 03:00 PM
- The area along the side of Sri Waree Noi Temple Road, from that around Krua Khun Pu Restaurant, Soi Denchai CPAC Block Co. , Ltd to Niran Ville 12 Village."
MEA,https://www.mea.or.th/en/public-relations/power-outage-notifications/news/H67NA7mNN,Saturday,2021-10-02,"Bangkok : The power outage areas are;
08:00 AM – 01:00 PM
- Phet Kasem Road, Soi Phet Kasem 54, Intersection 5 and 6. 08:30 AM – 11:00 AM
- Prasert-Manukitch Road, Soi Prasert-Manukitch 29. 08:30 AM – 01:00 PM
- Bang Khun Thian Road, Soi Bang Khun Thian 1. 08:30 AM – 02:30 PM
- Chueam Samphan Road, Soi Chueam Samphan 21. - Ram Inthra Road, Soi Ram Inthra 73 and 73/1. 08:30 AM – 03:30 PM
- Ramkhamhaeng 24 Road, Soi Ramkhamhaeng 24, Intersection 30 – 38. - Lat Phrao Road, from the area around the end of Soi Lat Phrao 80, Intersection 26 to Lat Phrao Canal. 09:00 AM – 02:00 PM
- Prasert-Manukitch Road, Soi Prasert-Manukitch 29. - Lat Pla Khao Road, Soi Lat Pla Khao 24. 01:00 PM – 05:00 PM
- Bang Khun Thian Road, Soi Bang Khun Thian 3 and British Place Village. Nonthaburi : The power outage areas
08:30 AM – 03:30 PM
- Nakhon In Road, Soi Ban Tak Daet, Soi Ruam Mit and the area from the block buildings passing Bear Café to  the beginning of Soi Thai Charoen Temple. - The area along the side of Tha It Road, around Thananthon Village and T Land Village. 09:30 AM – 03:30 PM
- Seneewong Canal Frontage Road, Soi Seneewong Temple. 11:00 AM – 01:00 PM
- Tiwanon Road, Soi Tiwanon 46."
MEA,https://www.mea.or.th/en/public-relations/power-outage-notifications/news/m6vVu0o7Q,Wednesday,2021-09-29,"Bangkok : The power outage areas are;
09:00 AM – 01:00 PM
- The area along the side of Charoen Krung Road, from Soi 68-70/1. Samutprakan : The power outage areas
09:00 AM – 02:30 PM
- The area along the side of Sukhaphiban 5, around Phana Son Garden Home 9 Village, Soi The Big Buddha Temple."
MEA,https://www.mea.or.th/en/public-relations/power-outage-notifications/news/m6vVu0o7Q,Tuesday,2021-09-28,"Bangkok : The power outage areas are;
08:30 AM – 12:00 PM
- Thawi Watthana – Kanchanaphisek Road, Soi 29. Samutprakan : The power outage areas
08:00 AM – 03:00 PM
- Pracha Uthit – Khu Sang Road, Soi Prachasamakkee."
MEA,https://www.mea.or.th/en/public-relations/power-outage-notifications/news/m6vVu0o7Q,Monday,2021-09-27,"Bangkok : The power outage areas are;
09:30 AM – 01:00 PM
- Thawi Watthana Canal Frontage Road, Soi Thawi Watthana 9."
MEA,https://www.mea.or.th/en/public-relations/power-outage-notifications/news/m6vVu0o7Q,Sunday,2021-09-26,"Bangkok : The power outage areas are;
08:30 AM – 03:30 PM
- Ram Inthra Road, Soi Ram Inthra 21, Soi Ram Inthra 58, Intersection 7, 8 and My Home Avenue Village. - The area along the side of Rama II Road, from the border-end area of Bangkok to the beginning of Soi Rama II, Soi 100. - The area along the side of Srinagarindra Road, from Soi Srinagarindra 2 to Lam Sali Intersection. - The area along the even side of Samae Dam Road, from Soi Samae Dam 8-10 and Soi  Samae Dam 20, and the odd side, from Soi Samae Dam 9 – 13. 09:00 AM – 12:00 PM
- Nang Linchi Road, Soi Nang Linchi 6, Intersection 1, 2, and 4. 09:00 AM – 03:00 PM 09. 00 น. - 13. 30 น. - The area along the side of Naradhiwat Rajanagarindra Road, from the beginning of Soi Phatthanasin to the area in front of Regal Condominium. 10:00 PM – 05:00 AM
- The area along the side of Ram Inthra Road, Soi Ram Inthra 121 – 123. Samutprakan : The power outage areas
08:30 AM – 03:30 PM
- Sukhumvit – Phraeksa Road, Soi Un Ari Phraeksa, Soi Atthamit, Soi Thetsaban 4 to Sriwittayapaknam School, Rattana Thani Village, from Bang Chak Gas Station to the entrance to Nak Tim Thong road, the area in front of  The Promise Baptist Church, in front of Samutprakan Provincial Commercial Office, the overpass in front of Sa Ngiem School to the beginning of Soi Chai Mong Khon Temple, Soi Pornpailin Taratara Village, Soi Muang Samut Pak Nam Hospital. - The area along the side of King Kaeo Road, around Soi King Kaeo 22/2, Hoover Industries (Thailand)
Co. , Ltd. - The area along the inbound side of Bang Na – Trat Road, from Khlong Chuat Lak Khao Bridge to the area in front of Sophon Phan Co. , Ltd."
MEA,https://www.mea.or.th/en/public-relations/power-outage-notifications/news/m6vVu0o7Q,Saturday,2021-09-25,"Bangkok : The power outage areas are;
08:00 AM – 01:00 PM
- The area along the side of Phuttha Monthon Sai 2 Road, from Anchan Restaurant to the intersection between the road and Thawi Watthana – Kanchanaphisek Road. 08:30 AM – 03:30 PM
- Khlong Kao Road, the area before the Islamic Centre of Thailand and Soi Bua Rung (the area at the end of the Soi). - Prasert-Manukitch Road, around Mok Café and the area in front of Parc Exo Condominium. - Phahonyothin Road, Soi Phahonyothin 49/1. - The area along the side of Srinagarindra Road, from the bridge over Kacha Canal to Hua Mak Intersection. Samutprakan : The power outage areas
08:30 AM – 03:30 PM
- The area along the side of King Kaeo Road, around Soi King Kaeo 22, 22/1 and 24. - The area along the side of Namdang-Bangplee Road (inbound), from Singapore International School Suvarnabhumi to Outbound Thepharak Toll Gate 4, Kanchanaphisek (Bang Phli – Suk Sawat Road)."
MEA,https://www.mea.or.th/en/public-relations/power-outage-notifications/news/iHiUixuSL,Thursday,2021-09-16,"Bangkok : The power outage areas are;
08:00 AM – 03:30 PM
- Chok Chai 4 Road, Soi Chok Chai 4, Intersection 34, 36 and 42."
MEA,https://www.mea.or.th/en/public-relations/power-outage-notifications/news/iHiUixuSL,Wednesday,2021-09-15,"Bangkok : The power outage areas are;
09:00 AM – 02:00 PM
- Ramkhamhaeng Road, Soi Ramkhamhaeng 60, Soi Suan Son, Soi 1 – 7. 10:00 PM – 02:00 AM
- The area along the side of Srinagarindra Road (the beginning of Soi Lasalle), from the beginning of Soi Sri Dan 29 to the Intersection between Soi Lasalle and Srinagarindra Road."
MEA,https://www.mea.or.th/en/public-relations/power-outage-notifications/news/iHiUixuSL,Tuesday,2021-09-14,"Bangkok : The power outage areas are;
09:00 AM – 02:00 PM
- Ramkhamhaeng Road, Soi Ramkhamhaeng 190/1, Soi Parkway Chalet Village."
MEA,https://www.mea.or.th/en/public-relations/power-outage-notifications/news/iHiUixuSL,Monday,2021-09-13,"Bangkok : The power outage areas are;
09:00 AM – 02:00 PM
- Ramkhamhaeng Road, Soi Ramkhamhaeng 118, Intersection 46 and 48, K. C. Lakeview Village and the nearby area."
MEA,https://www.mea.or.th/en/public-relations/power-outage-notifications/news/iHiUixuSL,Sunday,2021-09-12,"Bangkok : The power outage areas are;
08:30 AM – 12:30 PM
- Khu Bon Road, Soi Khu Bon 39. 08:30 AM – 02:30 PM
- Sihaburanukit Road, Soi Sihaburanukit 6. 08:30 AM – 03:30 PM
- Bang Bon 2 Road, Chaiyaphruek Village. - Prasert-Manukitch Road, the area in front of Eco Space Village. - Liap Wari Road, Soi Liap Wari 3. - Samae Dam Road, from Soi Samae Dam 14 – 18. - The area along the side of the Southern Outer Ring Express Way Frontage Road, from the traffic light Intersection crossing Soi Pracha Uthit 76 to Soi Burirom Village. - The area along the side of Ratchada – Rama 3 Express Way Frontage Road, from that in front of Lumpini Mix to that in front of the exit of The Up, Naradhiwas Rajanagarindra Road. - The area along the side of Ekkachai Road, from the beginning of Soi Ekkachai 129 to the beginning of Soi Ekkachai 131. 09:00 AM – 02:00 PM
- Ramkhamhaeng Road, Soi Thararom Village, Soi1 – 5. 09:00 AM – 03:00 PM
- Sukhumvit Road, Soi Sukhumvit 101, between Soi Punna Withi, Soi 11-15 and Soi Punna Withi, Soi 12-16, and Soi Sukhumvit 65, Soi Chaiyaphruek (Thong Yai, Intersection 8). - On Nut Road, Soi On Nut 39 (Khlong Chuan Community). - The area along the side of Ratchaphruek Road, from Nanthawan Village to LPG Gas Station. Nonthaburi : The power outage areas are;
08:30 AM – 03:30 PM
- The area along the side of Rattanathibet Road, around Soi Ubonchart Village (throughout the Soi). - The area along the side of Bang Kruai – Sai Noi Road, from Aksara Village to the area along the side of Bang Bua Thong Canal. Samutprakan : The power outage areas are;
08:00 AM – 03:30 PM
- Phuttharaksa Road, Soi Phong Sakun Villa 2 Village, Phut Si Intersection. 08:30 AM – 03:30 PM
- Suk Sawat Road, Soi Suk Sawat 70, Intersection 4. - The area along the side of Bang Na – Trat Road, from Honda Car Centre to King Kaeo Patthana Warehouse."
MEA,https://www.mea.or.th/en/public-relations/power-outage-notifications/news/iHiUixuSL,Saturday,2021-09-11,"Bangkok : The power outage areas are;
08:30 AM – 12:00 PM
- Bang Waek Road, the area in front of Habitia Line Village (nearby Chaiyaphruek Village). 08:30 AM – 02:00 PM
- Phuttha Monthon Sai 2 Road, the area in front of Maha Mongkhol  Village. 08:30 AM – 02:30 PM
- Nimit Mai Road, the area in front of Chindit Wihan Temple. 08:30 AM – 03:30 PM
- Sawatdikan 3 Road, Intersection 13, Soi Lio Village, Lanceo Village. - Samae Dam Road, Soi Samae Dam 6 and 12. - The area along the side of Ratchada – Rama 3 Express Way Frontage Road, from the area in front of the exit of Central Department Store to that in front of Lumpini Mix. 09:00 AM – 02:00 PM
- Kheha Rom Klao Road, Soi Kheha Rom Klao 64, Soi Surao Lam Nai So School, Phunsin Thani 3 Village. 09:00 AM – 03:00 PM
- Hua Mak Road, Soi Hua Mak 10. Nonthaburi : The power outage areas are;
08:30 AM – 03:30 PM
- Ratchaphurek Road, around Soi inside Arunwadee Village, The Plant Village and Thanasiri Village. Samutprakan : The power outage areas are;
08:30 AM – 03:30 PM
- The area along the side of King Kaeo Road, around Soi King Kaeo 10. 12:00 PM – 01:00 PM
- Ratwinit Bangkaeo Road, Soi Nanthawan Village, Km. 7."
MEA,https://www.mea.or.th/en/public-relations/power-outage-notifications/news/VjUjVby9V,Monday,2021-09-06,"Bangkok : The power outage areas are;
08:00 AM – 03:30 PM
- The area along the side of Hua Mak Road, from Soi Hua Mak 19 – 23."
MEA,https://www.mea.or.th/en/public-relations/power-outage-notifications/news/VjUjVby9V,Sunday,2021-09-05,"Bangkok : The power outage areas are;
08:30 AM – 01:00 PM
- The area along the side of Phuttha Monthon Sai 3 Road, around the block buildings before entering Thawi Watthana – Kanchanaphisek Road. 08:30 AM – 03:30 PM
- Ekkamai – Lat Phrao Road, Soi Lat Phrao 112, around Soi Soul Village. - Samae Dam Road, around Union Crown Co. , Ltd and from Soi Samae Dam 15 to Koh Pho Village School, except Soi Samae Dam 14 and 17. 09:00 AM – 02:30 PM
- Nuan Chan Road, Soi Nuan Chan 36. Nonthaburi : The power outage areas are;
08:30 AM – 03:30 PM
- Nakhon In Road, Soi Takien Temple, Pratthana Village, Niran Ville Village, Pruksa Ville 43 Village, Ratcha 7 Village, Soi Num Prasong to the area along the side of Bang Khu Wieng Canal. 09:00 AM – 03:00 PM
- The area along the side of Sai Ma Road, Soi Sai Ma 3, all over Perfect Place Village, and Soi Sai Ma 4, behind the sign factory. Samutprakan : The power outage areas are;
08:00 AM – 12:00 PM
- The entrance road to Bang Pu Industrial Estate, at the side of Praeksa Road, in front of  Praksawithedsuksa School. 08:00 AM – 03:30 PM
- Phuttharaksa Road, Soi Praeksa 10 (Sawatdi). - The area along the side of Panwithee Road, from Thai Steel (1995) Co. , Ltd to Ban Nurul Muhammad."
MEA,https://www.mea.or.th/en/public-relations/power-outage-notifications/news/VjUjVby9V,Saturday,2021-09-04,"Bangkok : The power outage areas are;
08:30 AM – 01:00 PM
- Khlong Lamchiak Road, Soi Khlong Lamchiak 27. 11:00 AM – 01:00 PM
- Ekkachai Road, Soi Ekkachai 43, Soi Community next to Wat Sing School. Nonthaburi : The power outage areas are;
08:30 AM – 03:00 PM
- The area along the side of 345 Road, opposite Pakkret 2 Hospital. 08:30 AM – 03:30 PM
- Nakhon In Road, Soi inside Sammakon Village, Soi Narawadee Village and Soi Pho En Temple. 09:00 AM – 03:00 PM
- Ratchaphruek Road, Soi Laddarom Village (all over the village). Samutprakan : The power outage areas are;
08:30 AM – 03:00 PM
- The area along the side of Bang Na – Trat Road (inbound), in front of Tesco Lotus Bang Phli. 12:00 PM – 02:00 PM
- Ratwinit Bangkaeo School Road, Soi Nanthawan Village, Km. 7."
MEA,https://www.mea.or.th/en/public-relations/power-outage-notifications/news/aeM4cx7wb,Sunday,2021-08-29,"Bangkok : The power outage areas are;
08:00 AM – 04:00 PM
- Ratchadaphisek Road, Soi Sathon Thip. 09:00 AM – 12:00 PM
- Sukhumvit Road, Soi Sukhumvit 39 (Thawi Suk). 09:00 AM – 02:00 PM
- The area along the side of Old Chan Road, from Soi Old Chan 8 – 10. Nonthaburi : The power outage areas are;
09:00 AM – 01:00 PM 08. 30 น. - 15. 30 น. - Kaeo In Road, around Chichakorn Village. Samutprakan : The power outage areas are;
09:00 AM – 01:00 PM 08. 00 น. - 15. 30 น. - Bang Phli – Tamru Road, from Soi Khlong Paet to Soi Kuphara."
MEA,https://www.mea.or.th/en/public-relations/power-outage-notifications/news/aeM4cx7wb,Saturday,2021-08-28,"Bangkok : The power outage areas are;
08:30 AM – 03:30 PM
- The area along the side of Kanchanaphisek Road, from KU Garden Pet Store to Shell Gas Station. - The area along the side of Pracha Chuen Road, around that inside the Office of the Permanent Secretary, Ministry of Defence and its resident. 09:00 AM – 12:00 PM
- Sukhumvit 71 Road, Soi Pridi Banomyong 19. Nonthaburi : The power outage areas are;
08:30 AM – 03:30 PM
- Ratchaphruek Road, from the area along the side of road to Maha Sawat Canal. - Liap Khlong Rat Prasoet Frontage Road. Samutprakan : The power outage areas are;
09:00 AM – 01:30 PM
- The area along the side of Big Buddha Temple Road, around Noble Park Village, Zone C."
MEA,https://www.mea.or.th/en/public-relations/power-outage-notifications/news/puynkFGPQ,Wednesday,2021-08-25,"Samutprakan : The power outage areas are;
12:00 PM – 01:00 PM
- Bang Na – Trat Road, Soi Ratwinit Bangkaeo School."
MEA,https://www.mea.or.th/en/public-relations/power-outage-notifications/news/puynkFGPQ,Sunday,2021-08-22,"Bangkok : The power outage areas are;
08:30 AM – 02:00 PM
- Charan Sanitwong Road, Soi Charan Sanitwong 77/1. 08:30 AM – 03:30 PM
- The area along the side of Samae Dam Road, from Soi Samae Dam 15 to Koh Pho Village School (except Soi Samae Dam 17) for the odd side, and from Soi Samae Dam 16 to Koh Pho Village School for the even side. 09:00 AM – 02:00 PM
- Lat Phrao Road, Soi Lat Phrao 65/1 and 87, Intersection 7. Samutprakan : The power outage areas are;
08:00 AM – 03:00 PM
- Sukhumvit Road, Km. 35, Soi next to Sanguan Kit Tannery Co. , Ltd. 08:30 AM – 03:30 PM
- The area along the side of outbound Suk Sawat Road, from the block buildings in front of Thepphakon Kindergarten to Charoen Kit Co. , Ltd."
MEA,https://www.mea.or.th/en/public-relations/power-outage-notifications/news/puynkFGPQ,Saturday,2021-08-21,"Bangkok : The power outage areas are;
08:00 AM – 01:00 PM
- Charan Sanitwong Road, Soi Charan Sanitwong 35, Intersection16 (Except Soi Mali Temple, Kaeo Villa village), and Soi Charan Sanitwong 37. 09:00 AM – 12:00 PM
- Nak Niwat Road, Soi Nak Niwat 25. - Ramkhamhaeng Road, Soi Ramkhamhaeng 118 (Laddarom Village). 09:00 AM – 01:00 PM
- Lat Phrao Road, Soi Lat Phrao 62. 10:30 AM – 01:30 PM
- Lat Phrao Wang Hin Road, Soi Lat Phrao Wang Hin 81."
MEA,https://www.mea.or.th/en/public-relations/power-outage-notifications/news/bfEAWa0aj,Monday,2021-08-16,"Bangkok : The power outage areas are;
08:00 AM – 03:30 PM
- The area along the side of Ratchada - Rama 3 Express Way Frontage Road, from Ratchada - Naradhiwas Rajanagarindra Intersection to the area in front of Galaxy Place Tower. 08:30 AM – 02:30 PM
- Sakun Di Road, the area in front of Lotus Mall, next to Nanthawan 5 Village."
MEA,https://www.mea.or.th/en/public-relations/power-outage-notifications/news/bfEAWa0aj,Sunday,2021-08-15,"Bangkok : The power outage areas are;
08:30 AM – 03:30 PM
- The area along the side of Naradhiwas Rajanagarindra Road, from the beginning of Soi Naradhiwas Rajanagarindra 26 to Ratchada - Naradhiwas Rajanagarindra Intersection. Samutprakan : The power outage areas are;
08:00 AM – 03:30 PM
- The area along the side of Theparak Road, Soi So Udomsup. 09:00 AM – 12:00 PM
- Sukhumvit Road, Soi Thetsaban Bang Pu 81/1."
MEA,https://www.mea.or.th/en/public-relations/power-outage-notifications/news/bfEAWa0aj,Saturday,2021-08-14,"Bangkok : The power outage areas are;
08:30 AM – 03:30 PM
- The area along the side of Ratchada - Rama 3 Express Way Frontage Road, from that in front Supalai Grand Tower to that in front of Galaxy Place Tower. 09:00 AM – 01:00 PM
- Sukhumvit Road, Soi Sukhumvit 66/1, from Intersection 25 – 31. Nonthaburi : The power outage areas are;
08:30 AM – 03:30 PM
- The area along the side of Rattanathibet Road, from that in front of Rattanathibet Phatthana (Sai Ma) pawnshop to Bang Rak Noi Tha It MRT Station. Samutprakan : The power outage areas are;
08:30 AM – 03:00 PM
- Sri Waree Noi Temple Road, Soi Chorakhe Noi 10 (Pracha Ruam Chai)"
MEA,https://www.mea.or.th/en/public-relations/power-outage-notifications/news/jTIWsDe3N,Sunday,2021-08-01,"Nonthaburi : The power outage areas are;
08:30 AM – 12:00 PM
- The area along the side of Rattanathibet Road, from Rattanathibet Village and Soi 13 Coins to the Gas Station. Samutprakan : The power outage areas are;
08:00 AM – 03:30 PM
- Sukhumvit Road, Soi Thetsaban Bang Pu 92 (Phlasap), from the area in front of Prom Sin Construction Supplies (at the beginning of Soi Bun Siri) to Cockpit – Rungruangyon Car Service Centre, and the area inside Naval Academy, around that in front of the dormitory, the canteen building and laundry building."
MEA,https://www.mea.or.th/en/public-relations/power-outage-notifications/news/4m8uPBOHV,Monday,2021-07-26,"Bangkok : The power outage areas are;
08:30 AM – 03:30 PM
- Chok Chai 4 Road, Soi inside Division 5 Operation, Division 2 Commando, and Soi Chok Chai 4, Soi 20."
MEA,https://www.mea.or.th/en/public-relations/power-outage-notifications/news/4m8uPBOHV,Sunday,2021-07-25,"Bangkok : The power outage areas are;
08:30 AM – 04:00 PM
- The area along the side of Ratchadaphisek Road, around the intersection between Sathu Pradit Road and Ratchadaphisek Road, and the area nearby Central Rama 3 Department Store."
MEA,https://www.mea.or.th/en/public-relations/power-outage-notifications/news/CNU3LdPn2,Sunday,2021-07-18,"Bangkok : The power outage areas are;
08:30 AM – 03:30 PM
- Chok Chai 4, Soi Chok Chai 4, Intersection 41. - The area along the side of Khlongsip - Khlong Sipsi Road, from that around the curve after Soi Khlongsip - Khlong Sipsi, Soi 5 – Soi 6. 08:30 AM – 04:30 PM
- Chaloem Phrakiat Ratchakan Thi 9 Road, Soi Chaloem Phrakiat Ratchakan Thi 9, Soi 30, from the beginning of Soi Intersection 20 – 24, and Soi Siam Makro PCL. Nonthaburi : The power outage areas are;
08:30 AM – 03:30 PM
- The area along the side of Sai Noi – Lat Bua Luang Road (out of order electric post changing)."
MEA,https://www.mea.or.th/en/public-relations/power-outage-notifications/news/CNU3LdPn2,Saturday,2021-07-17,"08:30 AM – 12:00 PM
- Phet Kasem Road, Soi Phet Kasem 25/5. 08:30 AM – 03:30 PM
- Khlongsip - Khlong Sipsi Road, Soi Khlongsip - Khlong Sipsi, Soi 6. 08:30 AM – 04:30 PM
- Chaloem Phrakiat Ratchakan Thi 9 Road, Soi Chaloem Phrakiat Ratchakan Thi 9, Soi 30, Soi Pakpirom Natia Village and Soi around Pak Lak Canal. 09:00 AM – 11:00 AM
- Pracha Uthit Road, Soi Pracha Uthit 60."
MEA,https://www.mea.or.th/en/public-relations/power-outage-notifications/news/MH9U9SAbg,Wednesday,2021-07-14,"Bangkok : The power outage areas are;
09:00 AM – 02:00 PM
- The area along the side of Pracha Uthit Road, around riverside area."
MEA,https://www.mea.or.th/en/public-relations/power-outage-notifications/news/MH9U9SAbg,Tuesday,2021-07-13,"Bangkok : The power outage areas are;
09:00 AM – 02:30 PM
- Suk Sawat Road, around Sarod Temple, Soi Suk Sawat 44."
MEA,https://www.mea.or.th/en/public-relations/power-outage-notifications/news/MH9U9SAbg,Monday,2021-07-12,"Bangkok : The power outage areas are;
08:30 AM – 01:30 PM
- Khu Bon Road, Soi Kung Pao Ayutthaya. 09:00 AM – 02:00 PM
- Ramkhamhaeng Road, Soi Ramkhamhaeng 76 – 78."
MEA,https://www.mea.or.th/en/public-relations/power-outage-notifications/news/MH9U9SAbg,Sunday,2021-07-11,"Bangkok : The power outage areas are;
08:00 AM – 10:00 AM
- The area along the side of Arun Amarin Road, from Mon Canal Floodgate to Khrua Wan Temple Community. 08:00 AM – 03:00 PM
- Khlong Lamjiak Road, Soi Khlong Lamjiak 1, 2, 4, Soi Nirvana Beyond Village, Soi Casa City Village, Soi Town Plus Village, Soi Rom Sai Village, Soi Suan Thip Village, the area along the side of Khlong Lamjiak Road, from Soi Khlong Lamjiak 1 – 25. - Charan Sanitwong Rpad, throughout Soi Charan Sanitwong 12, Soi Siwalai Village, Diphrom Village to the area around Kratiam Curve. 08:30 AM – 03:30 PM
- Pradit Manutham Road, Soi Pradit Manutham 27. 08:30 AM – 10:30 PM
- Bang Waek Road, Soi Bang Waek 65. 08:30 AM – 02:00 PM
- Weluwanaram Temple Road, Soi Weluwanaram Temple 36. 08:30 AM – 02:30 PM
- Hathai Rat 39 Road, Manorom 5 Village. 08:30 AM – 03:30 PM
- Surao Khlong Nueang Road, Soi Surao Khlong Nueang, Soi 12. - The area along the side of the Southern Outer Ring Express Way Frontage Road, from that in front of SUSCO Gas Station, nearby Soi Phuttha Bucha 36 to the marble shop. - The area along the side of Samae Dam Road, from Soi Samae Dam 15 to Koh Pho Village School (except Soi Samae Dam 14 and 17). 09:00 AM – 02:00 PM
- Perfect Place Village Road, Soi 34 – 44. 09:00 AM – 03:30 PM
- Sukhumvit Road, Soi Sukhumvit 39 (Soi Prom Chit). 11:00 AM – 01:00 PM
- Phran Nok – Kanchanaphisek Road, the area in front of Suan Lagoon Village. Nonthaburi : The power outage areas are;
08:00 AM – 02:30 PM
- Tiwanon Road, Soi Bua Khwan Temple and Soi Pramea Karun. Samutprakan : The power outage areas are;
08:00 AM – 03:30 PM
- Phuttha Raksa Road, Soi Phraeksa 8. 08:30 AM – 03:30 PM
- Outbound Bang Na – Trat Road, from the beginning of Soi Sao Thong Klang to Bang Kra Thiam Canal. - The area along the side of King Kaeo Road, from Soi King Kaeo 5 – 9. - The area along the side of inbound Suk Sawat Road, from the bridge over Bang Chak Canal to Esso Gas Station at the beginning of Soi Suk Sawat78. For the outbound side, from Thai Silo And Industry Co. , Ltd. to
Soi Suk Sawat 53, and from the area in front of AGC Flat Glass (Thailand) PCL to the bride over Bang Pla Kot Canal (except Soi Amara)."
MEA,https://www.mea.or.th/en/public-relations/power-outage-notifications/news/MH9U9SAbg,Saturday,2021-07-10,"Bangkok : The power outage areas are;
08:30 AM – 10:30 AM
- Bang Phrom Road, Soi Bang Phrom 33. 08:30 AM – 02:00 PM
- Weluwanaram Temple Road, Soi Weluwanaram Temple 30 (Soi Suan Thong Villa 5 Village). 08:30 AM – 02:30 PM
- Pracha Uthit Road, Soi Pracha Uthit 10 (Niran Condotel 3). 08:30 AM – 03:30 PM
- Kanchanaphisek Road, Soi Kanchanaphisek 11/1. - Nak Niwat Road, Soi Nak Niwat 44 (Rabiang Thong Village 4). - Phet Kasem Road, Soi Phet Kasem110, from Soi C. J. Supermarket to Soi Nong Khang Phlu Police Station. - Ram Inthra Road, Soi Ram Inthra 63/1 and 65. - The area along the side of Phet Kasem Road, from the flyover in front of Soi Phet Kasem 27 to Soi Phet Kasem 27/1. - The area along the side of Lat Krabang Road, from Soi Lat Krabang 40/2-38/3. - The area along the side of inbound Suk Sawat Road, from Soi Suk Sawat 62 to the area in front of Luckytex (Thailand) PCL. 09:00 AM – 02:00 PM
- Rom Klao Road, Soi Rom Klao 10. - Ramkhamhaeng Road, Soi Ramkhamhaeng 39, Intersection 9. 09:00 AM – 02:30 PM
- Vibhavadi Rangsit Road, from Soi Vibhavadi Rangsit 60 onwards. 09:30 AM – 12:00 PM
- Lat Phrao Road, Soi Lat Phrao 65/1. 11:00 AM – 01:00 PM
- Arun Amarin Road, Soi Arun Amarin 53. Nonthaburi : The power outage areas are;
08:00 AM – 02:30 PM
- Tiwanon Road, Soi Tiwanon 24. 08:30 AM – 03:00 PM
- The area along the side of Kanchanaphisek Road, from that in front of Dohome PCL, Phichamon 3 Village, Lak Khon Canal Frontage Road to Esso Gas Station. Samutprakan : The power outage areas are;
08:30 AM – 03:30 PM
- The area along the side of inbound Suk Sawat Road, from the beginning of Soi Yai Temple to MG Car Showroom."
MEA,https://www.mea.or.th/en/public-relations/power-outage-notifications/news/iO4blCkOW,Thursday,2021-07-08,"Bangkok : The power outage areas are;
08:30 AM – 12:30 PM
- Phraya Suren Road, Soi Phraya Suren 22. 08:30 AM – 01:30 PM
- The area along the side of Nong Rahaeng Road, from Soi Nong Rahaeng 12 – 20. 09:00 AM – 02:00 PM
- The area along the side of Lat Krabang Industrial Estate Road, around Soi Lat Krabang Industrial Estate 1."
MEA,https://www.mea.or.th/en/public-relations/power-outage-notifications/news/iO4blCkOW,Wednesday,2021-07-07,". Bangkok : The power outage areas are;
09:00 AM – 01:00 PM
- The area along the side of Pracha Phatthana Road, Soi Chuam Khlong Mon. Samutprakan : The power outage areas are;
09:00 AM – 01:00 PM
- The area along the side of King Kaeo Road, around Soi King Kaeo 10."
MEA,https://www.mea.or.th/en/public-relations/power-outage-notifications/news/iO4blCkOW,Monday,2021-07-05,"Bangkok : The power outage areas are;
08:30 AM – 01:00 PM
- West Khlong Sip Sam Road, Soi One Three Resort."
MEA,https://www.mea.or.th/en/public-relations/power-outage-notifications/news/iO4blCkOW,Sunday,2021-07-04,"Bangkok : The power outage areas are;
08:00 AM – 03:00 PM
- The area along the side of Prasert-Manukitch Road, from Soi Prasert-Manukitch 33 to Soi Khlong Lamjiak. 08:00 AM – 04:00 PM
- Charoen Rat Road, Soi Charoen Rat 7, Intersection 6 and 7. - Ratchadaphisek Road, Soi Saton Thip. 08:30 AM – 01:30 PM
- The area along the side of Charoen Nakhon Road, Soi Charoen Nakhon 53/2. 08:30 AM – 03:30 PM
- Khlong Sip - Sip Si Road, Soi Khlong Sip - Sip Si, Soi 10. - Hathai Rat Road, Soi Hathai Rat 39. - The area along the side of inbound Ram Inthra Road, from the beginning of Soi Ram Inthra 8 to the beginning of Soi Ram Inthra 10, Soi Ram Inthra 26, and from Sinsiri Resort Panya – Ram Inthra Project to Soi Ram Inthra 93. - The area along the side of The area along the side of the Southern Outer Ring Express Way Frontage Road, from the bridge over Rang Khwang Canal to Imperial Park Village. - The area along the side of Suk Sawat Road, from Tesco Lotus Bang Pakok, TOT Bang Pakok  and the police booth at Pracha Uthit Intersection to Soi Suk Sawat 31/1. 08:30 AM – 04:00 PM
- Charoen Rat Road, from Soi Charoen Rat 7, Intersection 6 – 7. 09:00 AM – 03:00 PM
- Ramkhamhaeng Road, Soi Ramkhamhaeng 12, from Intersection 4 – 10. 09:30 AM – 02:30 PM
- Vibhavadi Rangsit Road, Soi Vibhavadi Rangsit 58, Intersection 1 – 15. Nonthaburi : The power outage areas are;
08:30 AM – 02:00 PM
- Chaengwattana - Parkkred Road, Soi Chaengwattana-Parkkred 3 (Sukhaprachasan 2), Soi Sin Pai Boon Intertrade Co. , Ltd, Soi Chaengwattana - Parkkred 28, Mu Ban Sawatdikan Phuea Kharatchakan Krung Thep Maha Nakhon, Soi 5, 7, 9 and 11. 08:30 AM – 02:30 PM
- Tiwanon Road, Soi Tiwanon 24 (Soi Chai Wiwat Village). 08:30 AM – 03:30 PM
- Rattanathibet Road, Ubonchart 2 Village. Samutprakan : The power outage areas are;
08:00 AM – 05:00 PM
- Puttharaksa Road, Soi Thetsaban Bang Pu 30 (Soi Chatsan Sano Community). 08:30 AM – 03:30 PM
- Suk Sawat Road, from the beginning of Soi Suk Sawat 76 to Soi Mai At, and from Soi Thong Chai Phatthana to Pruksa 77/1 Village. - The area along the side of Baring Road, Soi Baring 48."
MEA,https://www.mea.or.th/en/public-relations/power-outage-notifications/news/iO4blCkOW,Saturday,2021-07-03,"Bangkok : The power outage areas are;
08:00 AM – 03:30 PM
- The area along the side of Nuan Chan Road, from Soi Nuan Chan 1 – 13. 08:00 AM – 04:00 PM
- Thoet Thai Road, Soi Thoet Thai 23. - South Sathorn Road, Soi nearby Thai-Chainese Chamber Of Commerce Building. 08:30 AM – 01:00 PM
- Charoen Nakhon Road, Soi Charoen Nakhon 49. 08:30 AM – 01:30 PM
- Kanchanaphisek Road, The Centro Village. 08:30 AM – 02:00 PM
- Weru Wanaram Temple Road, Soi Weru Wanaram Temple 19 and 34. 08:30 AM – 03:00 PM
- Rama Nine 9, Soi Rama Nine, Soi 62. 08:30 AM – 03:30 PM
- Khlong Sip -  Sip Si Road, Soi Khlong Sip -  Sip Si, Soi 6. - Sukhumvit Road, Soi Sukhumvit 81. - Lat Phrao Road, Soi Lat Phrao 1, Intersection 14, 16, 18, 20, 23, 25, 27, 29, 31, 33 and Soi next to Criminal Court. - Suk Sawat Road, from the beginning of Soi Suk Sawat 28 to the beginning of Soi Suk Sawat 36. - The area along the side of Vibhavadi Rangsit Road, from Soi Vibhavadi Rangsit 4 – 8. Nonthaburi : The power outage areas are;
07:30 AM – 02:30 PM
- Tiwanon Road, Soi Tiwanon 24 (Soi Intersection to Soi Tappanom 2). 08:30 AM – 02:00 PM
- Chaengwattana - Parkkred 3 Road (Sukkhaprachasan 2) Soi Rangsiya Village 1. Samutprakan : The power outage areas are;
08:30 AM – 03:30 PM
- The area along the side of Suk Sawat Road, from Soi Suk Sawat 37/7 to the area in front of Phra Pradaeng Post Office, and from the area in front of Siri Wittaya School to Soi Suk Sawat 51/3."
MEA,https://www.mea.or.th/en/public-relations/power-outage-notifications/news/A3VKvpFS9,Thursday,2021-07-01,"Bangkok : The power outage areas are;
08:30 AM – 12:00 PM
- Bang Waek Road, Soi Bang Waek 49."
MEA,https://www.mea.or.th/en/public-relations/power-outage-notifications/news/A3VKvpFS9,Wednesday,2021-06-30,"Bangkok : The power outage areas are;
10:00 PM – 05:00 AM
- The area along the side of Ram Inthra Road, from Soi Ram Inthra 121 to Soi next to Setthabutbamphen School."
MEA,https://www.mea.or.th/en/public-relations/power-outage-notifications/news/A3VKvpFS9,Tuesday,2021-06-29,"Samutprakan : The power outage areas are;
10:00 PM – 05:00 AM
- The area along the side of Thepharak Road, around Soi Sabai Chai."
MEA,https://www.mea.or.th/en/public-relations/power-outage-notifications/news/A3VKvpFS9,Sunday,2021-06-27,"Bangkok : The power outage areas are;
08:00 AM – 03:30 PM
- The area along the side of Tak Sin Road, from Soi Intharaphithak 1 to Soi Tak Sin 6. 08:30 AM – 03:30 PM
- Khu Bon Road, Soi Khu Bon 28 and the nearby area. - Chok Chai 4 Road, Soi Chok Chai 4, Soi 50. - Outbound Thian Thale 19 Road, from Watana Panit Publishing Co. Ltd to Soi Thian Thale 19, Intersection 2. - Rama VI Road, Soi Satsana. - Anamai Ngam Charoen Road, around Ford Car Showroom, Rama II Branch. - The area along the side of Srinagarindra Road, from Soi Srinagarindra 20-24, Soi Srinagarindra 54, Soi Srinagarindra 60 – 64, and from Summit Honda Automobile Co. , Ltd, Udomsuk Branch to Supalai Park. 09:00 AM – 02:00 PM
- Chalong Krung Road, Soi Chalong Krung 29. - The area along the side of inbound Phahonyothin Road, from that in front of Pramochwithaya School (old) to  the residential community along the canal (Samakki Ruam Chai Community). Nonthaburi : The power outage areas are;
08:30 AM – 03:30 PM
- The area along the side of Bang Kruai – Sai Noi Road, around Soi Sakun Chang, Soi Thim Rattana and the nearby area. - The area along the side of Ratchaphruek Road, from PTT Gas Station, Benz Car Centre, Soi Tha It to Bang Bua Thong Canal. - The area along the side of Tuchupan Road, around Stamford Sport Wheels Co. , Ltd. Samutprakan : The power outage areas are;
08:30 AM – 03:30 PM
- The area along the side of inbound King Kaeo Road, from the U-Turn under the bridge across Bang Na – Trat Road to Soi King Kaeo 3. - The area along the side of inbound Suk Sawat Road, from the beginning of Soi Suk Sawat 70 to Khun Chao Muang Canal."
MEA,https://www.mea.or.th/en/public-relations/power-outage-notifications/news/A3VKvpFS9,Saturday,2021-06-26,"Bangkok : The power outage areas are;
08:00 AM – 02:00 PM
- Itsaraphap Road, Soi Lakhon Tham Temple. 08:00 AM – 03:30 PM
- Ratchada - Tha Phra Road, from Soi 14 to Soi Thoet Thai 23. 08:30 AM – 03:30 PM
- Thian Thale 19 Road, Soi Thong Tat. - Nawamin Road, Soi Sathapat Nawamin 161 Village. - Ramkhamhaeng Road, Soi Ramkhamhaeng 16, Intersection 2. - Vacharaphol Road, Soi Thanyakan Village. - The area along the side of Thang Rotfai Sai Kao Road, from Phra Khanong Metropolitan Police Station Flat 2, Building 1 to TPI Cement Plant. - The area along the side of Nimit Mai Road, around Soi Nimit Mai 23 and the nearby area. - The area along the side of Srinagarindra Road, from Soi Srinagarindra 28 to Soi On Nut 60. - The area along the odd side of Suk Sawat Road, from Soi Wat Son 1 to Thuk Aroi Restaurant. - The area along the side of Anamai Ngam Charoen Road, from the area behind Hua Krabue Temple, by the canal to Sin Thawi Greenville Village. 08:30 AM – 05:00 PM
- The area along the side of inbound Lat Krabang Road, from Soi Lat Krabang 42-42/6. 09:00 AM – 02:00 PM
- Nakkila Laem Thong Village Road, Soi Nakkila Laem Thong Village 12. Nonthaburi : The power outage areas are;
08:30 AM – 12:00 PM
- The area along the side of Tuchupan Road, in front the entrance to Metro Company. 08:30 AM – 03:00 PM
- From the area along the side of Kanchanaphisek Road to that along the side of Yam Luddin Road."
MEA,https://www.mea.or.th/en/public-relations/power-outage-notifications/news/U4hascbFR,Friday,2021-06-25,"Samutprakan : The power outage areas are;
08:00 AM – 01:00 PM
- Old Sukhumvit Road, around Soi Wang Wibunkit 1."
MEA,https://www.mea.or.th/en/public-relations/power-outage-notifications/news/U4hascbFR,Wednesday,2021-06-23,"Samutprakan : The power outage areas are;
09:00 AM – 01:00 PM
- The area along the side of King Kaeo Road, around Golden Village Bang Na -King Kaeo Village."
MEA,https://www.mea.or.th/en/public-relations/power-outage-notifications/news/U4hascbFR,Tuesday,2021-06-22,"Samutprakan : The power outage areas are;
09:00 AM – 01:00 PM
- Windmill Park Village Road, Soi A3."
MEA,https://www.mea.or.th/en/public-relations/power-outage-notifications/news/U4hascbFR,Monday,2021-06-21,"Samutprakan : The power outage areas are;
09:00 AM – 01:00 PM
- Krittiya Village Road, from the area at the beginning of Soi Krittiya Village 3 to that at the beginning of Soi 4."
MEA,https://www.mea.or.th/en/public-relations/power-outage-notifications/news/U4hascbFR,Sunday,2021-06-20,"Bangkok : The power outage areas are;
08:00 AM – 03:30 PM
- Phutthamonthon Sai 2 Road, Soi Phutthamonthon Sai 2, Soi 21. 08:00 AM – 04:00 PM
- Naradhiwat Rajanagarindra Road, Soi Naradhiwat Rajanagarindra 4, 6 and 14. 08:30 AM – 03:30 PM
- Nawamin Road, from Soi Nawamin 89 – 91. - The area along the even side of Pracha Uthit Road, from Soi Pracha Uthit 96-98 (Wararom Village). - The area along the side of Seri Thai Road, from Soi Seri Thai 95 to the area before Minburi Traffic Light Intersection. 08:30 AM – 04:30 PM
- The area along the side of Kanchanaphisek Express Way Frontage Road, around Soi Kanchanaphisek 40. 09:00 AM – 01:00 PM
- Kanchanaphisek Road, Soi Grand Monaco (only in some area). 09:00 AM – 02:00 PM
- Ram Inthra Road, Soi Ram Inthra 40. - The area along the side of Chao Khun Thahan Road, before Chao Khun Thahan – Chalong Krung Intersection. - The area along the side of Ramkhamhaeng Road, from Soi Ramkhamhaeng 153 – 157. 09:00 AM – 03:00 PM
- Hathai Rat Road, Soi Hathai Rat 24/1. Nonthaburi : The power outage areas are;
08:00 AM – 12:00 PM
- Tuchupan Road, Soi Ban Suan Mueang Non Village. 08:30 AM – 03:00 PM
- The area along the side of Kanchanaphisek Road, from the beginning of entrance to Sarasas School, Soi Pao In to the Bhudda Image Foundry. 08:30 AM – 03:30 PM
- The area along the side of Bang Khu Wiang Road, from Worarat Suksa School to Beauty House 4 Village. Samutprakan : The power outage areas are;
08:00 AM – 12:30 PM
- King Kaeo Road, Soi King Kaeo 7. 08:30 AM – 03:30 PM
- The area along the side of Thepharak Road and Bang Phli – Tamru  Road, from Noi Suwannaram Temple to Soi Thepharak 16. - The area along the side of Bang Na – Trat Road, Km. 19 – 20, from Soi Kuparat to Smile Super Express Co. , Ltd. - Suk Sawat Road, Soi Suk Sawat 76, Intersection 7. 09:00 AM – 12:00 PM
- The area along the side of Sukhumvit Road, around Soi Baring 34."
MEA,https://www.mea.or.th/en/public-relations/power-outage-notifications/news/U4hascbFR,Saturday,2021-06-19,"Bangkok : The power outage areas are;
07:30 AM – 03:30 PM
- Phet Kasem Road, Soi Phet Kasem 42. 08:30 AM – 02:30 PM
- Bang Ramat Road, Soi Bang Ramat 10 and 11. 08:30 AM – 03:30 PM
- Nawamin Road, Soi Nawamin 79. - Seri Thai Road, from Soi Seri Thai 68 to Min Phatthana Junction. -The area along the odd side of Suk Sawat Road, from Soi Suk Sawat 21 – 23. 09:00 AM – 01:00 PM
- Pho Kaeo Road, Soi Pho Kaeo, Intersection 2 and 11. 09:00 AM – 02:00 PM
- Rom Klao Road, Soi Supalai Park Ville Romklao-Suvarnabhumi Village. Nonthaburi : The power outage areas are;
08:30 AM – 03:00 PM
- Lak Khon Canal Frontage Road, Soi Supalai Novoville Village. Samutprakan : The power outage areas are;
08:30 AM – 03:30 PM
- The area along the side of Bang Na - Trat Road, from Soi Bang Na - Trat 62. - The area along the side of Bang Phriang Temple Road, Bang Phriang - Lat Wai Road, from Soi Rattana Phiban to the junction before Bang Phriang Temple."
MEA,https://www.mea.or.th/en/public-relations/power-outage-notifications/news/LYUQLqioY,Thursday,2021-06-17,"Bangkok : The power outage areas are;
08:30 AM – 03:30 PM
- The area along the side of Sangkha Santi Suk Road, from Soi Chang Tahan Akat Uthit 2 to Soi Sangkha Santi Suk 62."
MEA,https://www.mea.or.th/en/public-relations/power-outage-notifications/news/LYUQLqioY,Tuesday,2021-06-15,"Bangkok : The power outage areas are;
09:00 AM – 02:00 PM
- The area along the side of Srinagarindra Road, Soi Srinagarindra 51. 11:00 PM – 03:00 AM
- The area along the side of Srinagarindra Road, around the beginning of Soi Srinagarindra 53."
MEA,https://www.mea.or.th/en/public-relations/power-outage-notifications/news/LYUQLqioY,Sunday,2021-06-13,"Bangkok : The power outage areas are;
08:30 AM – 02:30 PM
- Sai Mai Road, Soi Sai Mai 25. 08:30 AM – 03:30 PM
- Chaloem Phrakiat Ratchakan Thi 9 Road, from Soi 30, Intersection 13, 17, 19, 20 and 22. - Surao Khlong Nueng Road, Soi Baliya Village and the area around Lam Kalok Intersection. - Sathu Pradit Road, Soi Sathu Pradit 58, Intersection 12, 14, 16, 17 and 19. - The area along the side of Pracha Samran Road, from Soi Pracha Samran 1 to the far end area of the"
MEA,https://www.mea.or.th/en/public-relations/power-outage-notifications/news/LYUQLqioY,Saturday,2021-06-12,"Bangkok : The power outage areas are;
08:30 AM – 02:30 PM
- Ratchadaphisek Road, Soi Ratchadaphisek 36, from the beginning of Soi Intersection 1 – 3. 08:30 AM – 03:30 PM
- Charoen Krung Road, Soi Charoen Krung  72. - Rama Two Road, from the beginning of  Soi Rama Two, Soi 69 to the intersection at Soi Sakae Ngam  21. - Mit Maitri Road, Soi Mit Maitri 16 and Soi next to Surao Khlong Si School. - The area along the side of Sangkha Santi Suk Road, from the beginning of Yu Witthaya Road to Soi Sangkha Santi Suk 10. 08:30 AM – 04:00 PM
- Surao Khlong Nueng Road, Soi Surao Khlong Nueng, Soi 13. 09:00 AM – 01:00 PM
- The area along the side of Chao Khun Thahan Road, Soi Chao Khun Thahan 1, the area in front of Khum Klao Market, and the area from the bridge over Sam Canal to the community along the side of Sam Canal. Samutprakan : The power outage areas are;
08:30 AM – 03:30 PM
- Charayawat Road (Ramkhamhaeng 2), from Soi Khlong Ton Tan to ถึง Car Auction Centre, Kiatnakin Bank."
MEA,https://www.mea.or.th/en/public-relations/power-outage-notifications/news/v1iufXndr,Thursday,2021-06-10,"Bangkok : The power outage areas are;
08:00 AM – 02:00 PM
- Pracha Uthit Road, around Soi Pracha Utnit 54, Intersection 4, 4/1, 5, 7."
MEA,https://www.mea.or.th/en/public-relations/power-outage-notifications/news/v1iufXndr,Tuesday,2021-06-08,"Bangkok : The power outage areas are;
09:00 AM – 12:00 PM
- Lat Phrao Road, Soi Lat Phrao 107, Intersection 31 and 38. 09:00 AM – 02:00 PM
- The area along the side of inbound Phahonyothin Road, from the block building next to The Line Jatujak Condo to the beginning of Soi Phahonyothin 18/1."
MEA,https://www.mea.or.th/en/public-relations/power-outage-notifications/news/v1iufXndr,Sunday,2021-06-06,"Bangkok : The power outage areas are;
08:00 AM – 03:00 PM
- The area along the side of Thawi Watthana - Kanchanaphisek Road, from the curve at Bang Phrom Canal Intersection to the beginning of Soi Thawi Watthana - Kanchanaphisek 28 and Soi Thawi Watthana -Kanchanaphisek 39. 08:30 AM – 02:00 PM
- Chalong Krung Road (King Mongkut’s Institute of Technology Ladkrabang), from the building of the Faculty of Electrical Engineering to Sports Centre. 09:00 AM – 01:00 PM  08. 30 น. - 15. 30 น. - Bang Kradi Road, Soi Bang Kradi 32, the area in front of Thai Raman Association and Chuan Chuen Village. - Prasert-Manukitch Road, Soi Prasert-Manukitch 29 (Thanyakan Village). - The area along the side of the Southern Outering Express Way Frontage Road, from the bridge over Ratchapruek Canal (Bang Mot Canal) to the traffic light at the intersection to Soi Phuttha Bucha 36, and the area from Natura Pracha Uthit 76 Village to the traffic light intersection at Soi Pracha Uthit 76. 09:00 AM – 01:00 PM
- Sukhumvit Road, Soi Sukhumvit 29. 09:00 AM – 01:00 PM  09. 00 น. - 14. 00 น. - Sukhonthasawat Road, Soi Sukhonthasawat 19."
MEA,https://www.mea.or.th/en/public-relations/power-outage-notifications/news/v1iufXndr,Saturday,2021-06-05,"Bangkok : The power outage areas are;
08:30 AM – 03:30 PM
- Nawamin Road, Soi Nawamin 107. - The area along the side of outbound Srinagarindra Road, from Phrom Tharawong Mansion to Soi Srinagarindra 43. 09:00 AM – 02:00 PM
- Nak Niwat Road, from Soi Nak Niwat 6 – 13."
MEA,https://www.mea.or.th/en/public-relations/power-outage-notifications/news/sMj1wYuGU,Thursday,2021-05-27,"Bangkok : The power outage areas are;
09:00 AM – 01:00 PM
- Happy Land Road, Soi Sena Villa 84 Village."
MEA,https://www.mea.or.th/en/public-relations/power-outage-notifications/news/sMj1wYuGU,Wednesday,2021-05-26,"Bangkok : The power outage areas are;
08:30 AM – 03:30 PM
- The area along the side of Samae Dam Road, from Soi Samae Dam 15 to Koh Pho Village School, except the area in Soi Samae Dam 14 and 17. Samutprakan : The power outage areas are;
08:00 AM – 04:30 PM
- Sukhumvit Road, from Soi Thetsaban Bang Pu 95 (Wuttinan) - 97/2."
MEA,https://www.mea.or.th/en/public-relations/power-outage-notifications/news/sMj1wYuGU,Sunday,2021-05-23,"Bangkok : The power outage areas are;
08:00 AM – 12:00 PM
- Lam Ko Phai Canal Frontage Road, Prueksa 70 Village. 08:30 AM – 02:30 PM
- Seri Thai Road, Soi Pichai Temple. 08:30 AM – 03:00 PM
- The area along the side of Nikhom Utsahakam Lat Krabang Road, from that in front of Lat Krabang Electricity Sub Station to Prompt Co. , Ltd. - Lat Phrao Road, Soi Lat Phrao 71. From the beginning of the Soi to T. M. Mansion. - Inbound Vibhavadi Rangsit Road, the area between Soi Vibhavadi Rangsit 76-78 (Soi Krueng Chak Kon). 09:00 AM – 02:00 PM
- Lat Pla Khao Road, Soi Lat Pla Khao 50."
MEA,https://www.mea.or.th/en/public-relations/power-outage-notifications/news/sMj1wYuGU,Saturday,2021-05-22,"Bangkok : The power outage areas are;
09:00 AM – 12:00 PM
- Chalong Krung Road, Soi Ratchaphruek Village. 09:00 AM – 02:00 PM
- The area along the side of Lat Phrao Wang Hin Road, from Soi Lat Phrao Wang Hin 69 – 75. 09:00 AM – 03:00 PM
- Lat Pla Khao Road, Soi Lat Pla Khao 4."
MEA,https://www.mea.or.th/en/public-relations/power-outage-notifications/news/C6JLJFCwX,Friday,2021-05-21,"Bangkok : The power outage areas are;
09:00 AM – 03:00 PM
- Pradit Manutham Road, Soi Soonvijai 14/4"
MEA,https://www.mea.or.th/en/public-relations/power-outage-notifications/news/C6JLJFCwX,Tuesday,2021-05-18,"Bangkok : The power outage areas are;
09:00 AM – 02:00 PM
- Chaloem Phrakiat Ratchakan Thi 9 Road, around Ma Thong Village, before crossing the canal at Soi Chaloem Phrakiat Ratchakan Thi 9, Soi 30."
MEA,https://www.mea.or.th/en/public-relations/power-outage-notifications/news/C6JLJFCwX,Sunday,2021-05-16,"Bangkok : The power outage areas are;
08:30 AM – 03:30 PM
- The area along the side of the road around the beginning of Soi Chom Thong 19, from the foot of the bridge over Sanam Chai Canal to the beginning of Soi Chom Thong 19. Samutprakan : The power outage areas are;
08:30 AM – 01:00 PM
- Puttharaksa Road, Soi Pruksa The Gallerie Village."
MEA,https://www.mea.or.th/en/public-relations/power-outage-notifications/news/C6JLJFCwX,Saturday,2021-05-15,"Samutprakan : The power outage areas are;
08:30 AM – 03:00 PM
- Luang Phaeng Road, Soi Phra Ong Chao Chiayanuchit Canal Pumping Station."
MEA,https://www.mea.or.th/en/public-relations/power-outage-notifications/news/QkOPAYumL,Monday,2021-05-10,"Bangkok : The power outage areas are;
08:30 AM – 03:30 PM
- Nawamin Road, from Soi Nawamin 89 – 91. - The area along the side of the Southern Outer Ring Express Way Frontage Road, from the bridge over Ratchaphruek Canal (Bang Mod Canal) to the intersection to  Soi Phutthabucha 36."
MEA,https://www.mea.or.th/en/public-relations/power-outage-notifications/news/QkOPAYumL,Sunday,2021-05-09,"Bangkok : The power outage areas are;
08:00 AM – 03:00 PM
- Khlong Lam Chiak Road, Soi Khlong Lam Chiak 1-25, Soi in front of Bankampu Tropical Café, Soi Casa City Nuan Chan 2 Village, Soi Town Plus Kaset – Nawamin Village, Soi Nirvana Beyond Village, Soi Yuwathut Building. 08:30 AM – 03:00 PM
- Charan Sanitwong Road, Soi Tha Phra Intersection. 08:30 AM – 03:30 PM
- Bang Kadi Road, Soi Bang Kadi 32, from the area in front of Bang Kadi Electricity Substation to Chuan Chuen Rama 2 Village and Sahathai Steel Pipe Co. , Ltd. Thailand."
MEA,https://www.mea.or.th/en/public-relations/power-outage-notifications/news/QkOPAYumL,Saturday,2021-05-08,"Bangkok : The power outage areas are;
08:00 AM – 03:00 PM
- Nuan Chan Road, Soi Nuan Chan 1 – 13. - The area along the side of Ratchadaphisek – Ram Inthra Road, from Tanad Dak Restaurant to Prasert -Manukitch Road. 08:30 AM – 03:00 PM
- Charan Sanitwong Road, Soi Charan Sanitwong 41, Intersection 12."
MEA,https://www.mea.or.th/en/public-relations/power-outage-notifications/news/PfAilVSez,Thursday,2021-05-06,"Bangkok : The power outage areas are;
09:00 AM – 02:00 PM
- Chaloem Phrakiat Ratchakan Thi 9 Road, Soi Chaloem Phrakiat Ratchakan Thi 9, Soi 30, Ma Thong Village."
MEA,https://www.mea.or.th/en/public-relations/power-outage-notifications/news/PfAilVSez,Wednesday,2021-05-05,"Samutprakan : The power outage areas are;
08:30 AM – 01:00 PM
- Pracha Uthit – Khu Sang Road, Soi Old Naklue Noi School."
MEA,https://www.mea.or.th/en/public-relations/power-outage-notifications/news/PfAilVSez,Tuesday,2021-05-04,"Bangkok : The power outage areas are;
08:30 AM – 04:30 PM
- Udom Suk Road, Soi Udom Suk 18."
MEA,https://www.mea.or.th/en/public-relations/power-outage-notifications/news/PfAilVSez,Sunday,2021-05-02,"Bangkok : The power outage areas are;
08:30 AM – 03:30 PM
- Phet Kasem Road, Soi Phet Kasem 112, the area along Maha Son Canal. 08:30 AM – 04:30 PM
- The area along the side of Rang Rotfai Sai Kao Road, from Phra Khanong Police Flat to TPI Cement Plant. Samutprakan : The power outage areas are;
08:00 AM – 03:30 PM
- The area along the side of Bang Na – Trat Road, Km. 20, from Volvo Group (Thailand) Co. , Ltd, Soi Kuparat to Smile Super Express Co. , Ltd."
MEA,https://www.mea.or.th/en/public-relations/power-outage-notifications/news/X7rnBGhfC,Friday,2021-04-30,"Samutprakan : The power outage areas are;
08:30 AM – 01:00 PM
- Bang Na – Trat Road, the area along the side of Muang Thai Village."
MEA,https://www.mea.or.th/en/public-relations/power-outage-notifications/news/X7rnBGhfC,Wednesday,2021-04-28,"Bangkok : The power outage areas are;
09:00 AM – 01:00 PM
- Bang Waek Road, Soi Bang Waek 32, Im Amphon 2 Village. Samutprakan : The power outage areas are;
09:00 AM – 01:00 PM
- Sukhaphiban 6 Road (Luang Pho To Temple), Soi Noble Park Village, Clubhouse Area, Zone  A and B."
MEA,https://www.mea.or.th/en/public-relations/power-outage-notifications/news/X7rnBGhfC,Tuesday,2021-04-27,"Bangkok : The power outage areas are;
08:30 AM – 03:30 PM
- The area along the side of Naradhiwas Rajanagarindra Road, from the beginning of Soi Naradhiwas Rajanagarindra 9 – 13."
MEA,https://www.mea.or.th/en/public-relations/power-outage-notifications/news/X7rnBGhfC,Sunday,2021-04-25,"Bangkok : The power outage areas are;
07:30 AM – 03:30 PM
- Ramkhamhaeng Road, Soi Ramkhamhaeng 17. 08:00 AM – 03:30 PM
- The area along the even side of Rat Burana Road, Soi Rat Burana 20 and 24. 08:30 AM – 03:30 PM
- The area along the side of Rod Fai Sai Kao Road, from Rama 4 Road to Soi Uthai Farm. - The road in Soi Saen Suk and Soi Pracha Samran. - Nuan Chan Road, Soi Nuan Chan Village(throughout the Soi). - Pracha Samran Road, Soi Chak Canal and Soi The Extenso 2 Village, at the side connecting to the road. - Phet Kasem Road, Soi Phet Kasem 81, Soi Ma Charoen 1, Intersection at Soi Foam Factory, from Soi Ma Charoen 1, Intersection 2-7. - On Nut Road, Soi On Nut 66, Intersection 16 – 19. - The area along the side of the Southern Outer Ring Express Way Frontage Road, from the Intersection to Soi Phutthabucha 36 to Soi Suk Rung (except The Grand Village). 08:30 AM – 04:30 PM
- The area along the odd side of Sakae Ngam Road, from Soi Sakae Ngam 1 – 15. Nonthaburi : The power outage areas are;
08:30 AM – 03:00 PM
- Therd Phra Kiat - Khlong Bang Sai Road, around the Express Way Project. 08:30 AM – 03:30 PM
- The area along the side of Ratchaphruek Road, from Laddarom Village to Shell Gas Station. Samutprakan : The power outage areas are;
08:00 AM – 03:30 PM
- The area along the side of Sri Waree Noi Temple, from Siam Grains Co. ,Ltd to Lakewood Land Co. , Ltd. 09:00 AM – 01:00 PM
- The entrance road to Suvarnabhumi Airport, Soi Sara Setthasiri (V. Pack)."
MEA,https://www.mea.or.th/en/public-relations/power-outage-notifications/news/X7rnBGhfC,Saturday,2021-04-24,"Bangkok : The power outage areas are;
08:00 AM – 03:30 PM
- The area along the side of Ramkhamhaeng Road, from the beginning of Soi Ramkhamhaeng 8 to the beginning of Soi Ramkhamhaeng 12. - The area along the side of Lat Krabang Road, from Soi Lat Krabang 42-42/6. 08:30 AM – 03:30 PM
- Nuan Chan Road, Soi Nuan Chan 24 (throughout the Soi). - North Phasi Charoen Canal Frontage Road, Soi 8 (Nakwatchara Uthit). - The area along the side of Pracha Rat Sai 1 Road, from Soi Si Nam Ngoen to Soi Khema Neramit. - The area along the side of Anamai Ngam Charoen (outbound), from the curve of fish selling stores behind Hua Krabue Temple to the intersection to Mai Bua Phan Temple School. 08:30 AM – 04:30 PM
- Bang Na Express Way Frontage Road, from Soi Sukhumvit 66/1, Intersection 6 – 31."
MEA,https://www.mea.or.th/en/public-relations/power-outage-notifications/news/4vsGMkJj5,Friday,2021-04-23,"Bangkok : The power outage areas are;
01:00 PM – 04:00 PM
- Kanchanaphisek Road, Soi Evergreen Village, Soi 9."
MEA,https://www.mea.or.th/en/public-relations/power-outage-notifications/news/4vsGMkJj5,Wednesday,2021-04-21,"Bangkok : The power outage areas are;
02:00 PM – 05:00 PM
- Charan Sanitwong Road, Soi Charan Sanitwong 27, Intersection 16. 10:00 PM – 05:00 AM
- The area along the side of Punna Withi Road, Soi Punna Withi 12 – 14. Nonthaburi : The power outage areas are;
08:30 AM – 02:00 PM
- The area along the side of the road in Soi next to Makro to Nonsi Gallery Village."
MEA,https://www.mea.or.th/en/public-relations/power-outage-notifications/news/4vsGMkJj5,Monday,2021-04-19,"Bangkok : The power outage areas are;
02:00 PM – 05:00 PM
- Charan Sanitwong Road, Soi Charan Sanitwong 27, Intersection 13, 15, 16, 17, 18, 20, 24, 26."
MEA,https://www.mea.or.th/en/public-relations/power-outage-notifications/news/4vsGMkJj5,Sunday,2021-04-18,"Bangkok : The power outage areas are;
08:00 AM – 03:00 PM
- Bang Khun Thian-Chai Thalae Road, Soi Pattareya Place Village. 08:00 AM – 03:30 PM
- The area along the side of Rama 3 Road, from that in front of Monthien Riverside Hotel to that in front of the Key Condo Project. 08:30 AM – 03:30 PM
- Rama 2 Road, Soi Rama 2, Soi 100 (east), from the beginning of the Soi to Tuang Thong Village. - Pibulsongklam Road, Soi Pibulsongklam 19 (Soi Chong Suk Village). - Suk Chai Temple Road, Soi Suk Chai Temple 15, 17, 26, 28 and 32. - Vibhavadi Rangsit Road, Soi Vibhavadi Rangsit 40/2, Soi Central Police Flate (every buildings). - The area along the side of Charan Sanitwong Road, Soi Charan Sanitwong 94/1. - The area along the side of Mit Maitri Road, Soi Mit Maitri 8-8/2. - The area along the outbound side of Srinagarindra Road, from that in front of Thanya Park Mall to P H B Auto. Nonthaburi : The power outage areas are;
08:30 AM – 02:30 PM
- Tiwanon Road, Soi Tiwanon 40 to the entrance to Nonthaburi Phitthayakhom School. - The area along the side of Bypass Nonthaburi Road, from Bang Thorani Canal to the entrance to Anuratchaprasit School. Samutprakan : The power outage areas are;
08:00 AM – 03:00 PM
- Bang Phli – Tamru Road, from Soi Manthira Garden Village to Soi MEA, Bang Phli – Prawet Office. 08:00 AM – 03:30 PM
- The area along the side of Bang Na – Trat Road, Km. (inbound ), from The Crane Service Co. , Ltd, Phatthana King Kaew 6 Warehouse, Bangchak Gas Station, Soi Mongkhon Nimit Temple, the area inside Samrong Canal to Volvo Group (Thailand) Co. , Ltd."
MEA,https://www.mea.or.th/en/public-relations/power-outage-notifications/news/4vsGMkJj5,Saturday,2021-04-17,"Bangkok : The power outage areas are;
08:00 AM – 03:30 PM
- Chan Road, Soi Chan 16, Intersection 4. 08:30 AM – 03:30 PM
- Vibhavadi Rangsit Road, Soi Vibhavadi Rangsit 64, Intersection 5 and 7. - The area along the side of Khu Khlong Sip, from the beginning of the road to the area by the side of Wang To Canal. - The area along the side of Phet Kasem Road, from Boonyavej Clinic to Bangchak Gas Station. - The area along the side of Kanchanaphisek Express Way Frontage Road, from that in front of Blue Lagoon 2 Village to Townhome Golden Town, Bang Na – Suan Luang. 09:00 AM – 02:00 PM
- Chalong Krung Road, Soi Pattarasiri Village. Nonthaburi : The power outage areas are;
08:30 AM – 03:30 PM
- The area along the side of Sai Ma Road, Soi Bang Rak Noi Temple. 09:00 AM – 02:00 PM
- The area along the side of Kanchanaphisek Road, from บริเวณ Kritsana Village to Kanchanaphisek Road."
MEA,https://www.mea.or.th/en/public-relations/power-outage-notifications/news/K6xN53mrZ,Wednesday,2021-04-07,"Bangkok : The power outage areas are;
10:00 PM – 05:00 AM
- Ram Inthra Road, from Soi Ram Inthra 40-42/3. Samutprakan : The power outage areas are;
10:00 PM – 01:00 AM
- Rang Rodfai Sai Kao Road, Soi Phuk Mit."
MEA,https://www.mea.or.th/en/public-relations/power-outage-notifications/news/K6xN53mrZ,Tuesday,2021-04-06,"Bangkok : The power outage areas are;
08:30 AM – 03:30 PM
- Ratchadaphisek Road, from Soi Ratchadaphisek 32, Intersection 5/2-5/5, Soi Sirisa Vilalge, Diamond Ratchada Place 2 Condominium, Mono Place Condominium, and Soi Ratchadaphisek 36 (Soi Chuan Chom Mansion) to Soi Ratchadaphisek 36, Intersection 5."
MEA,https://www.mea.or.th/en/public-relations/power-outage-notifications/news/K6xN53mrZ,Monday,2021-04-05,"Bangkok : The power outage areas are;
08:30 AM – 12:00 PM
- Sukhaphiban Road, Soi Sukhaphiban 5, Intersection 65. 08:30 AM – 03:30 PM
- Baen Chado Road, Soi Baen Chado 2. 09:00 AM – 12:00 PM
- The area along the side of Kanchanaphisek Road, in front of PTT Gas Station, Kanchanaphisek before exiting to Borommaratchachonnani Road. Nonthaburi : The power outage areas are;
09:00 AM – 02:00 PM
- The area along the side of Ban Kluay – Sai Noi Road, from Ta Chom Canal to Piya Wararom Village."
MEA,https://www.mea.or.th/en/public-relations/power-outage-notifications/news/K6xN53mrZ,Sunday,2021-04-04,"Bangkok : The power outage areas are;
08:00 AM – 02:00 PM
- The area along the side of Borommaratchachonnani Road, from the beginning of Soi Borommaratchachonnani 63 to PTT Gas Station. 08:00 AM – 03:30 PM
- Lam Sai Road, from Islam Lam Sai School to Chian Dap Canal. 08:00 AM – 04:00 PM
- Chan Road, from Soi at the beginning of Soi Chan 16, Intersection 1 – 9. 08:30 AM – 01:00 PM
- The area along the side of Pracha Uthit Road, and the area along the side of the Southern Outer Ring Express Way Frontage Road, from Thung Khru Temple to Narisa Thon Burirom Village. 08:30 AM – 02:00 PM
- Sukhonthasawat Road, Soi Sukhonthasawat 20. 08:30 AM – 03:00 PM
- The area along the side of Khum Klao Road, from Soi Khum Klao 1-1/5. 08:30 AM – 03:30 PM
- Nuan Chan Road, Soi Nuan Chan 20 (throughout the Soi). - Bang Waek Road, Soi Bang Waek 52. - Rama 2 Road, Soi Rama 2, Soi 69, Intersection 1/1, and from Mawin Plaza Market to Maruai Market. - Ratchawithi Road, Soi Ratchawithi 20. - Srinagarindra Road, Soi Mee Suk. - The area along the side of Bang Na – Trat Road, from the beginning of Soi Bang Na – Trat 4 to the beginning of Soi Bang Na – Trat 8. - The area along the side of Phutthabucha Road, from Soi Phutthabucha 45 to Suan Mark Market, except Suan Thon Park Condo. - The area along the side of the Southern Outer Ring Express Way Frontage Road, from the bridge over Ratchaphruek Canal to the intersection to Soi Phutthabucha 36. Nonthaburi : The power outage areas are;
08:30 AM – 03:00 PM
- The area along the side of Bang Kruai – Sai Noi Road, around the area along the side of Khun Si Canal. 08:30 AM - 03:30 PM
- Bang Muang – Bang Ku Lat Road, Soi Bang Yai Sub district Administration Office. Samutprakan : The power outage areas are;
08:00 AM – 05:00 PM
- The area along the side of Phuttharaksa Road, The Blue Arena Football Club, Thai Metal Aluminium Co. , Ltd, Soi Thetsaban Bang Pu 42, Soi Thetsaban Phraeksa 3/1."
MEA,https://www.mea.or.th/en/public-relations/power-outage-notifications/news/K6xN53mrZ,Saturday,2021-04-03,"Bangkok : The power outage areas are;
08:00 AM – 01:00 PM
- Charan Sanitwong Road, Soi Charan Sanitwong 18, around Pho Riang Temple School. 08:00 AM – 03:30 PM
- Suwinthawong Road, from Soi Suwinthawong 17 to Chian Dap Canal. 08:00 AM – 04:00 PM
- The area along the side of Thoet Thai Road, Soi Thoet Thai 2, 3, 5, 9 and 11. 08:30 AM – 12:00 PM
- Khu Bon Road, Soi Khu Bon 27, Intersection 60. - Vibhavadi Rangsit Road, Soi Vibhavadi Rangsit 60 (Racha Villa Village). 08:30 AM – 02:00 PM
- Nak Niwat Road, from Soi Nak Niwat 37, Intersection 1 to Soi Nak Niwat 37, Intersection 4. 08:30 AM – 03:30 PM
- Chaloem Phrakiat Ratchakan Thi 9 Road, Soi 28, Intersection 4. - Nuan Chan Road, Soi Nuan Chan 28 (throughout the Soi). - Bang Waek Road, from the beginning of Soi Bang Waek 44 to the beginning of Soi Bang Waek 52. - Suk Sawat Road, from Soi Suk Sawat 31/1(the area at the end of the Soi) to Soi Suk Sawat 33/1. - The area along the side of Ratchawithi Road, from Rama 5 Road to Soi Ratchawithi 30. 11-00 AM – 02:00 PM
- Charan Sanitwong Road, Soi Charan Sanitwong 25 and Narumonthin School, Soi Charan Sanitwong 41 Intersection 2 – 10. 11:30 AM – 02:00 PM
- The area along the side of Kanchanaphisek Road, around the entrance road to Soi Kanchanaphisek 6/1. Nonthaburi : The power outage areas are;
08:30 AM – 03:30 PM
- Bang Kruai – Sai Noi Road, Soi Han Trakul Co. , Ltd, Soi S R Enterprise Co. , Ltd, , Soi Pu Thep – Pu Chan, Soi Sweet Home, Supakorn Village, M. T Village, and Soi Buddha Foundry."
