﻿source,announcement_url,day_of_week,outage_date,outage_data
MEA,https://www.mea.or.th/en/public-relations/power-outage-notifications/news/xCMzXnZMx,Wednesday,2020-10-14,"Bangkok : The power outage areas are;
09:00 AM – 03:00 PM
- On Nut Road, Soi On Nut 46, in front of Klang Muang Village. 10:00 PM – 05:00 AM
- The area along the side of outbound Bang Na – Trat Road, Km. 4, from Ample Tower to Thai Life Insurance Building. Thrusday, Oct 15, 2020
Bangkok : The power outage areas are;
08:30 AM – 03:30 PM
- Rama 9 Road, 99 Residence Rama Nine Village."
MEA,https://www.mea.or.th/en/public-relations/power-outage-notifications/news/xCMzXnZMx,Tuesday,2020-10-13,"Bangkok : The power outage areas are;
08:00 AM – 04:30 PM
- The area along the side of Inbound New Petchaburi Road, from Ekkamai Intersection to the area opposite Soi Petchaburi 47. 08:30 AM – 03:30 PM
- The area along the side of inbound Bang Na – Trat Road, Km. 1, from. 1, around Bang Na Intersection (at the side of Bitec). 08:30 AM – 04:30 PM
- The area along the side of Southern Outer Ring Express Way Frontage Road, from the bridge over Bang Mod Canal to the entrance to Soi Phutthabucha 36. Samutprakan : The power outage areas are;
08:30 AM – 03:30 PM
- The area along the side of inbound Bang Na – Trat Road, Km. 10, from Carryboy Marketing Co. , Ltd to Auto Technic (Thailand) Co. , Ltd."
MEA,https://www.mea.or.th/en/public-relations/power-outage-notifications/news/xCMzXnZMx,Monday,2020-10-12,"Bangkok : The power outage areas are;
08:30 AM – 02:00 PM
- Khu Bon Road, Soi Khu Bon 25, Intersection 10. Nonthaburi : The power outage areas are;
08:30 AM – 03:30 PM
- Bang Kruai – Sai Noi Road, Soi Bang Lane Temple."
MEA,https://www.mea.or.th/en/public-relations/power-outage-notifications/news/xCMzXnZMx,Sunday,2020-10-11,"Bangkok : The power outage areas are;
08:00 AM – 03:30 PM
- The area along the side of Chan Road, from Soi 8 to the beginning of Soi 14/1. 08:00 AM – 04:00 PM
- Rama 3 Road, Soi 53. 08:30 AM – 12:00 AM
- The area along the side of Ratchaphruek Road, from Ratchaphruek Night Bazaar to the area in front of Phon Mari Steel Shop. 08:30 AM – 02:00 PM
- Nuan Chan Road, Soi PTT Gas Station. 08:30 AM – 02:30 PM
- The area along the side of Nimit Mai Road, from Soi Nimit Mai 23 – 25. 08:30 AM – 03:30 PM
- Prasert-Manukitch Road, Soi Prasert-Manukitch 3. - Phahonyothin Road, Soi Phahonyothin 37 (throughout the Soi). - Phutthamonthon Sai 3 Road, Soi Nong Khaem 3 (Waste Plant Sai 3). - Phet Kasem Road, Soi Phet Kasem 16. - Srinagarindra Road, Soi Srinagarindra 24. - The area along the side of East Khlong Sip Sam, from Nang Nguek Watergate to Soi East Khlong Sip Sam 34. - The area along the side of inbound Bang Na – Trat Road, Km. 4, from Soi Bang Na – Trat 44 to Apple Auto Auction (Thailand) Co. , Ltd. - The area along the side of Prasert-Manukitch Road, from Metro Luxe Condo to the beginning of Soi Prasert-Manukitch 3. - The area along the side of Phalasin Road, behind 11th Infantry Regiment. - The area along the side of Rom Klao Road, from Soi Rom Klao 6/1 to the bridge over Bung Khwang Canal. 08:30 AM – 04:30 PM
- Rama 2 Road, from the beginning of Soi Yai Rom Temple to Soi Chao Mae Thapthim Shrine and the area around The Pannarai Village. - The area along the side of the Southern Outer Ring Express Way Frontage Road, from the intersection at Phutthabucha 36 to The Grand Village. 09:00 AM – 01:00 PM
- Prasert-Manukitch Road, Soi Prasert-Manukitch 29, Intersection 3. 09:00 AM – 03:00 PM
- Phet Phra Ram Road, Soi Soonvijai 14. - ถนนLat Phrao Soi Lat Phrao 124
Nonthaburi : The power outage areas are;
08:30 AM - 01:00 PM
- Bang Kruai – Sai Noi Road, Grandity Village. - The area along the side of Chaiyaphruk Road, under the U-Turn Bridge by Lam Pho Canal. - The area along the side of Bang Kruai – Sai Noi Road, around the entrance to Thep Bua Thong Village. 08:30 AM – 02:00 PM
- Thetsaban 2 Road, Phattharaniwet Lagoon Village. - The area along the side of Kanchanaphisek Road, in front of Shell Gas Station. 08:30 AM – 02:30 PM
- The area along the side of Khlong Sip Canal Frontage Road, Soi Ban Nong Prao Ngai School. 08:30 AM – 03:00 PM
- Bang Phai – Prao Ngai Road, Soi Bai Pho Limited Partnership and Rattana Thani Village. 08:30 AM – 03:30 PM
- The area along the side of Bang Si Muang – Wat Bot Road, Soi Tanot Temple, Soi Duang Chai and Baronia Town Village. 10:00 AM – 01:00 PM
- The area along the side of 345 Road, around the wood plant before turning to Ratchaphruek Ring. Samutprakan : The power outage areas are;
08:00 AM – 03:30 PM
- Phithak Tham Road, from Soi Khlong To Pho to C. M. Industrial Co. , Ltd. - Suan Som Temple – Phu Chao Saming Phray Road. 08:00 AM – 05:00 PM
- Thapharak Raod, Soi Kajorn Wit, Chutima Phase 5 Village. 08:30 AM – 03:00 PM
- The area along the side of Bang Na – Trat Road, Km. 14 ( inbound), in front of the building of the toll gate, Suvarnabhumi Airport’s Southern Highway."
MEA,https://www.mea.or.th/en/public-relations/power-outage-notifications/news/xCMzXnZMx,Saturday,2020-10-10,"Bangkok : The power outage areas are;
08:00 AM – 03:30 PM
- Itsaraphap Road, from the area inside Soi Itsaraphap 21 to that in front of Sangkrachai Worawihan Temple. - The area along the side of Charoen Rat Road, from the beginning of Soi 10 to the area in front of P. S. G Development Co. , Ltd. 08:30 AM – 03:00 PM
- Luang Phaeng Road, Soi along the side of the road, from Jae Daeng Restaurant to Highway Police Station  sub-division 8. 08:30 AM – 03:30 PM
- Borommaratchachonnani Road, Soi Saran Thip Village. - Srinagarindra Road, from the beginning of Soi Srinagarindra 24 to the intersection inside the Soi. - The area along the side of outbound Bang Na – Trat Road, Km. 4, in front of Sri Iam Temple. - The area along the side of Prachasamran Road, from the junction to the area before Soi Prachasamran 2. - The area along the side of Phutthamonthon Sai 2 Road, from Bang Chueak Nang Canal to the office of Phran Nok - Phutthamonthon Sai 4 Highway Construction Project, and from Soi Phutthamonthon Sai 2 Soi 6 – 8. - The area along the side of Parkway Home Village, from zone  A – some area of zone C. 09:00 AM – 12:00 AM
- Sukhumvit Road, Soi Sukhumvit 103/2. 09:00 AM – 02:00 PM
- Nawamin Road, Soi Nawamin 111, Intersection 7. - Lat Phrao Road, Soi Lat Phrao 122, Intersection 9. 09:00 AM – 02:30 PM
- Liap Wari Road, Soi Liap Wari 7. 09:00 AM – 03:00 PM
- Lat Phrao Road, Soi Lat Phrao 87, Intersection 9. 09:00 AM – 03:30 PM
- Nak Niwat Road, Soi Nak Niwat 32. - Rom Klao - Srinagarindra Road, from Soi by the side of Song Ton Nun Canal to Soi Rom Klao - Srinagarindra Road. Nonthaburi : The power outage areas are;
08:30 AM – 01:00 PM
- Lahan – Lam Pho Road, Bua Thong Thani Park View 3 Village. 08:30 AM – 03:00 PM
- Thoet Phrakiat Road, from Thanakon 1 Village to the railway frontage road. - Lat Pla Duk Temple School Road, Imperial Place Village. 09:00 AM – 03:30 PM
- The area along the side of Maha Sawat Canal – Bang Muang Road, from the beginning of Soi Bang Muang Temple to Pichai Khet Intersection. Samutprakan : The power outage areas are;
08:00 AM – 05:30 PM
- Phuttharaksa Road, Soi Phraeksa 10 (Sawasdi). 09:00 AM – 12:00 AM
- Baring – Lasalle Road, Soi Baring 17."
MEA,https://www.mea.or.th/en/public-relations/power-outage-notifications/news/MJOjmvGwM,Friday,2020-10-09,"Bangkok : The power outage areas are;
09:00 AM – 03:00 PM
- The area along the side of Phatthanakan 32 Road, from the roadside construction to Cha San Ice Supplier by the canal."
MEA,https://www.mea.or.th/en/public-relations/power-outage-notifications/news/MJOjmvGwM,Thursday,2020-10-08,"Samutprakan : The power outage areas are;
10:00 PM – 05:00 AM
- Srinagarindra Road Soi Paolo Hospital."
MEA,https://www.mea.or.th/en/public-relations/power-outage-notifications/news/MJOjmvGwM,Wednesday,2020-10-07,"Bangkok : The power outage areas are;
09:00 AM – 03:00 PM
- The area along the side of Pridi Banomyong 14 Road, from Phatthanawet Soi 12 to the entrance of Pakamat Village. Samutprakan : The power outage areas are;
08:30 AM – 02:00 PM
- Suk Sawat Road, Soi Rom Yen Niwet, Soi 9 Intersection."
MEA,https://www.mea.or.th/en/public-relations/power-outage-notifications/news/MJOjmvGwM,Tuesday,2020-10-06,"Bangkok : The power outage areas are;
08:30 AM – 01:00 PM
- Phoem Sin Road, Soi opposite Soi Phoem Sin 29. 08:30 AM – 03:30 PM
- Ekkachai 131 Road, Lalin Green Ville Ekkachai Village. 08:30 AM – 04:30 PM
- Rama 2 Road, from Chicha Village, the beginning of Soi Anamai Ngam Charoen 25, Intersection 2 – Rang Pho Canal and Alicha 2 Village. 09:00 AM – 02:00 PM
- The area along the side of Ratchaprarop Road, from Soi Ratchaprarop 18-20 (the roadside area and some area inside the Soi)."
MEA,https://www.mea.or.th/en/public-relations/power-outage-notifications/news/MJOjmvGwM,Sunday,2020-10-04,"Bangkok : The power outage areas are;
08:30 AM – 03:30 PM
- Phahonyothin 46 Road, Soi Bunsong Village. - Rod Rang Sai Khao Road, Soi Department of Drainage and Sewerage. - Vibhavadi Rangsit Road, Apollo Hotel, Soi Vibhavadi Rangsit 44 (Only the beginning of the Soi) and Soi Vibhavadi Rangsit 48-50. - The area along the side of Rod Rang Sai Khao Road, opposite Bangchak Oil Distribution Center. - The area along the side of  Ratchadaphisek Road, from Soi Ratchadaphisek 68 – 78. 08:30 AM – 04:00 PM
- The area along the odd side of Suk Sawat Road, from the beginning of Soi Suk Sawat 35 – 35/1. 08:30 AM – 04:30 PM
- The area along the side of New Petchaburi Road (inbound), from Khlong Tan Intersection to Ekkamai Intersection. - The area along the side of the Southern Outer Ring Express Way Frontage Road, from Saransiri Village to Narisa 3 Village. 09:30 AM – 10:30 AM
- Pracha Uthit Road, Soi Pracha Uthit 20. Samutprakan : The power outage areas are;
08:00 AM – 05:00 PM
- Thepharak Road, throughout Soi Phon Sawang Niwet."
MEA,https://www.mea.or.th/en/public-relations/power-outage-notifications/news/MJOjmvGwM,Saturday,2020-10-03,"Bangkok : The power outage areas are;
08:00 AM – 01:00 PM
- Phutthabucha Road, Soi Phutthabucha 40. 08:30 AM – 02:00 PM
- Lat Phrao Road, Soi Lat Phrao 1. 08:30 AM – 03:30 PM
- Chaloem Phrakiat Rama 9 Road, Soi Chaloem Phrakiat Rama 9, Soi 30, Intersection 7 and 14, and the area at the beginning of the Soi. - Nakhon Chai Si Road, Soi Mit Anan. - Ramkhamhaeng Road, from the area in the middle of Soi Ramkhamhaeng 22 to the end of the Soi. 08:30 AM – 04:30 PM
- Bang Khun Thian-Chai Thalae Road, Soi Thian Thale 20, Intersection 12. Nonthaburi : The power outage areas are;
08:30 AM – 02:00 PM
- Ratchaphruek Road, The Trust Town Village. 08:30 AM – 03:00 PM
- The area along the side of Ta Khlai Canal."
MEA,https://www.mea.or.th/en/public-relations/power-outage-notifications/news/CgkplAY0D,Wednesday,2020-09-30,"Bangkok : The power outage areas are;
08:30 AM – 01:00 PM
- Charan Sanitwong Road, Soi Charan Sanitwong 3, Intersection 5."
MEA,https://www.mea.or.th/en/public-relations/power-outage-notifications/news/CgkplAY0D,Tuesday,2020-09-29,"Bangkok : The power outage areas are;
09:00 AM – 03:00 PM
- Sukhumvit 71 Road (Pridi Banomyong), Soi Pridi Banomyong 47. Samutprakan: The power outage areas are;
09:00 AM – 01:00 PM
- Sri Wari Noi Temple Road, Soi inside Khlong Hua Takhe, around Ton Sai Market."
MEA,https://www.mea.or.th/en/public-relations/power-outage-notifications/news/CgkplAY0D,Sunday,2020-09-27,"Bangkok : The power outage areas are;
08:30 AM – 03:30 PM
- Hua Mak Road, from Soi Hua Mak 12 to Srinagarindra Intersection and Soi Hua Mak 27-29 (Pricha 8 Village). 08:00 AM – 04:00 PM
- Naradhiwas Rajanagarindra Road, from Soi Naradhiwas Rajanagarindra 9 to Soi Suan Plu 1. - The area along the side of Mahai Sawan Road, from Soi Thoranin to Soi Charoen Nakhon 62. 08:00 AM – 04:30 PM
- The area along the side of the Southern Outer Ring Express Way, from the bridge over Rang Khwang Canal to Imperial Park Village. 08:30 AM – 09:30 AM
- The area along the side of Phraya Suren Road, from Lam Kalok Intersection to the blocks at the Lam Kalok Intersection at the side of Phraya Suren Road. 08:30 AM – 03:30 PM
- Chaloem Phrakiat Rama 9 Road, the area at the beginning of Soi Chaloem Phrakiat Rama 9, Soi 7, Pornthep Village to Thong Pracha Condo. - Thawi Watthana – Kanchanaphisek Road, Soi Phensuk and the area by the side of Bang Phrom Canal. - Phahonyothin Road, Soi Phahonyothin 18/2. - Vibhavadi Rangsit Road, Soi Vibhavadi Rangsit 9. - Ram Inthra Road, Soi Ram Inthra 21. - The area along the side of East Khlong Sip Sam, around Soi East Khlong Sip Sam 36. - The area along the side of Chalong Krung Road, from Pruksa Avenue Village to PTT Gas Station. - The area along the side of Lat Krabang Industrial Estate Road, from Soi G 1/4 to the beginning of Soi G 1/6. - The area along the side of Sanphawut Road, from that in front of Rungruang Wittaya School to Soi Tuek Kat Community (Soi next to Ban Metta). - The area along the side of Surao Khlong Nueang Road, from Lam Kalok Intersection to both side of Soi Surao Khlong Nueang 13. 09:00 AM – 02:00 PM
- Bang Khun Thian – Chai Thalae Road, Soi Thian Thale 24, the Intersection at Soi S. A. F. Special Steel Co. , Ltd. - Ruam Phattha Road, the area in front of Ratchakosa Temple. 09:00 AM – 03:00 PM
- Pradit Manutham Road, Soi Pradit Manutham 23 (Soi Sang Chan). - Lat Phrao Road, Soi Lat Phrao 58, Soi Lat Phrao 107, Interseciton 12 and Soi Lat Phrao 111/1. - On Nut 17 Road, Soi On Nut 17, Intersection 3 and 5. Nonthaburi: The power outage areas are;
08:30 AM – 03:30 PM
- The area along the side of Bang Kruai – Sai Noi Road, from Soi Suwan, Soi Sin Kaset, Soi Son Phet, Soi Wiriya Kraikun. Samutprakan: The power outage areas are;
08:00 AM – 03:30 PM
- The area along the side of Bang Phli – Tamru Road, from Tamru Temple, Omthong Village to Khlong 2. 08:30 AM – 03:30 PM
- The area along the side of Thepharak Road, Km. 19, from Suvarnabhumi Canal Frontage Road to Soi Bang Pla 77. 09:00 AM – 02:00 PM
- King Kaeo Road, Soi King Kaeo 14/1, Thana City Project, around booth 10. 09:00 AM – 06:00 PM
- Suk Sawat – Chedi Road, around Thanakorn Vegetable Oil Products Co. , Ltd."
MEA,https://www.mea.or.th/en/public-relations/power-outage-notifications/news/CgkplAY0D,Saturday,2020-09-26,"Bangkok : The power outage areas are;
08:00 AM – 03:30 PM
- Prasert-Manukitch Road, Soi nearby Sukhonthasawat Intersection, in front Moon Terrace Restaurant. - Phet Kasem Road, Soi Phet Kasem 14, 16, VBAC to Soi Phet Kasem 18/1. - Ramkhamhaeng Road, Soi Ramkhamhaeng 20. 08:00 AM – 04:00 PM
- The area along the side of Charoen Nakhon Road, around the beginning of Soi Charoen Nakhon 65. 08:30 AM – 03:30 PM
- Chaloem Phrakiat Rama 9 Road, Soi Chaloem Phrakiat Rama 9, Soi 7, Intersection 4 – 6 and Soi 30, Intersection 6 – 12. 09:00 AM – 11:00 AM
- The area along the side of Kamphaeng Phet 7 Road, from Uthai Temple to the area behind SHOW DC. 09:00 AM – 02:00 PM
- Ruam Phattha Road, Soi Nurul Islam Mosque. - Lat Phrao Road, Soi Lat Phrao 132 (Soi Klang Temple Community). - Satri Witthaya 2 Road, Soi Satri Witthaya 2, Intersection 21. 09:00 AM – 03:00 PM
- Nawamin Road, Soi Nawamin 81, Intersection 3. - Sukhumvit 55 Road, from Soi Tararom 2 to Thong Lo Police Staion. Samutprakan: The power outage areas are;
08:30 AM – 03:30 PM
- Bang Na – Trat Road, Km. 19, Soi Premruetai Housing (throughout the Soi). 09:00 AM – 02:00 PM
- King Kaeo Road, Soi King Kaeo 48 (only the area at the end of the Soi)."
MEA,https://www.mea.or.th/en/public-relations/power-outage-notifications/news/CKCohj6vm,Friday,2020-09-25,"Bangkok : The power outage areas are;
00:00 AM – 04:00 AM  00. 00 น. – 04. 00 น. - Srinagarindra Road, Soi Phrom Tarawong Mansion, the beginning of Soi Srinagarindra 43."
MEA,https://www.mea.or.th/en/public-relations/power-outage-notifications/news/CKCohj6vm,Wednesday,2020-09-23,"Bangkok : The power outage areas are;
09:00 AM – 02:00 PM
- The area along the side of inbound Phahonyothin Road, next to Bang Khen Fire Station. Samutprakan: The power outage areas are;
09:00 AM – 01:00 PM
- Sri Wari Noi Temple Road, Soi Supalai Garden Ville Suvarnabhumi Village."
MEA,https://www.mea.or.th/en/public-relations/power-outage-notifications/news/CKCohj6vm,Tuesday,2020-09-22,"Bangkok : The power outage areas are;
09:00 AM – 02:00 PM
- Phahonyothin Road, Soi Phahonyothin 63, Intersection 2/1."
MEA,https://www.mea.or.th/en/public-relations/power-outage-notifications/news/CKCohj6vm,Monday,2020-09-21,"Bangkok : The power outage areas are;
09:00 AM – 11:00 AM
- Ramkhamhaeng Road, Soi Ramkhamhaeng 2-4 (some area inside the Soi). 10:00 AM – 12:00 AM
- Sukhumvit 55 Road (Thong Lo) Soi Thong Lo 16. 10:00 PM – 05:00 AM
- Lat Phrao Road, the beginning of Soi Lat Phrao 58."
MEA,https://www.mea.or.th/en/public-relations/power-outage-notifications/news/CKCohj6vm,Sunday,2020-09-20,"Bangkok : The power outage areas are;
08:00 AM – 12:00 PM
- The area along the side of Phutthamonthon Sai 2 Road, from Soi 26 – 28 and the area in front of U. E. House Deluxe Village. 08:00 AM – 03:30 PM
- Prasert-Manukitch Road, Soi Prasert-Manukitch 6. - Phutthamonthon Sai 2 Road, Soi Phutthamonthon Sai 2, Intersection 26, Soi Nichatra Village, Dusit Thalai Village. - The area along the even side of Rat Burana Road, from Soi Rat Burana 6/1 – 14. - The area along the side of Suk Sawat Road, from Soi Suk Sawat 13 and 15/1. 08:00 AM – 04:00 PM
- The area along the side of Chan Road, the area around the intersection between Chan Road and Naradhiwas Rajanagarindra Road. 08:30 AM – 02:30 PM
- The area along the side of Lan Luang Road, from Soi Lan Luang 4 – 6. 08:30 AM – 03:00 PM
- The area along the side of Vibhavadi Rangsit Road, around the beginning of Soi Vibhavadi Rangsit 3. 08:30 AM – 03:30 PM
- Phet Kasem 110 Road, Khlong Mahason, from Soi paper factory to Soi glass factory. - The area along the side of Chalong Krung Road, Soi V Condominium. - The area along the side of outbound Phetchaburi Road, in front of the entrance to RCA, Krungthai Bank, Phongchai Phathana (1977) Co. , Ltd to the beginning of Soi Phetchaburi 47. 08:30 AM – 03:30 PM
- The area along the side of Srinagarindra Road, from outbound Sri Nut Intersection to Grand Lord Hotel. 09:00 AM – 03:00 PM
- Phatthanakan Road, Soi Phatthanakan 26, Noble Cube Village. - Sukhaphiban 5 Road, Soi 32, Intersection 9. Nonthaburi: The power outage areas are;
08:30 AM – 03:00 PM
- Bang Phai - Prao Ngai Road, Rom Ngao Mai Village. - The area along the side of 340 Road, around Soi Surao Khiew  and the nearby area. - The area along the side of Samosorn Temple Road, in front of Samosorn Temple. - Khan An Canal Frontage Road, Soi Chaiyaphruk Police Station. 10:00 PM – 02:00 AM
- The area along the side of Kanchanaphisek Road, in front of BB Market. Samutprakan: The power outage areas are;
08:00 AM – 03:00 PM
- The area along the side of Sukhumvit Road, Soi Kheha Chumchon and Soi Thetsaban Bang Pu 47 (Bang Pu Nakhon, Project 3). 08:00 AM – 05:00 PM
- Bang Phli – Tamru Road, Soi Lam Bang Phi. 08:00 AM – 03:30 PM
- The area along the side of Sai Luat Road, Soi Charoenkul, Soi Sai Luat 5 and the area along the side of Sukhumvit Road. 08:30 AM – 03:00 PM
- The area along the side of Sukhumvit Road, around Soi Thetsaban Bang Pu 51 (Boon Prakong). 08:30 AM – 03:30 PM
- Phuchao Saming Phray Road, Soi Klab Charoen. 08:30 AM – 04:30 PM
- The area along the side of Ard. Pracha Uthit 90 Road (at the side of Khlong Suan Temple), Siam Intergloss Co. , Ltd to Petcharoen Rungroeng Co. , Ltd."
MEA,https://www.mea.or.th/en/public-relations/power-outage-notifications/news/CKCohj6vm,Saturday,2020-09-19,"Bangkok : The power outage areas are;
08:00 AM – 03:00 PM
- The area along the side of Thawi Watthana – Kanchanaphisek Road. - Inthrawat Road, Soi Inthrawat 23. 08:00 AM – 03:30 PM
- Khlong Bang Phrom Road, Soi Khlong Bang Phrom. - Phutthamonthon Sai 3 Road, Soi Phutthamonthon Sai 3 Soi 18. - The area along the odd side of Rat Burana Road, from Bang Pa Kaeo Canal to PTT Gas Station next to Big C, Rat Burana. 08:00 AM – 04:00 PM
- Liap Wari Road, Soi Liap Wari 29. 08:30 AM – 02:30 PM
- The area along the side of Ratchadamnoen Klang Road, from that around the intersection between Ratchadamnoen Klang and Burana Sat Road to Royal Rattanakosin Hotel. - The area along the side of Atsadang Road, around the intersection point with Bunsiri Road to the house number 20. 08:30 AM – 03:30 PM
- Rama Nine Road, Soi Rama Nine 21. - Phet Kasem Road, from Soi Phet Kasem 77, Intersection 4/9-4/13. - The area along the side of Pradit Manutham Road, around the entrance to Rama Nine Temple. 08:30 AM – 04:30 PM
- Ard. Pracha Uthit 90 Road, from Soi Khlong Suan Sub District Office (at the side of Khlong Suan Temple) to  Soi Old Khlong Luk Wua Floodgate. 09:00 AM – 03:30 PM
- Sukhumvit 77 Road, (Soi On Nut 35, Pak Bo Temple), from the intersection inside the Soi to the area at the end of the Soi. 09:00 AM – 12:00 AM
- The area along the side of Sukhumvit Road, around Soi Sukhumvit 60/1. Nonthaburi: The power outage areas are;
08:30 AM – 01:00 PM
- Khlong Takhlai Health Center Road, Soi Monrada 2 Village. 08:30 AM – 02:00 PM
- Bang Kruai – Sai Noi Road, Soi Thep Bua Thong. 08:30 AM – 03:00 PM
- Bang Phai - Prao Ngai Road, Villa Khunalai Village 2. 08:30 AM – 03:30 PM
- The area along the side of Atchariya Prasith Road, from Sari Rat Building to T. T Mansion. Samutprakan: The power outage areas are;
08:00 AM – 04:30 PM
- Suk Sawat Road, Soi Suk Sawat 72, Intersection 2/4 (Ban U Sabai)."
MEA,https://www.mea.or.th/en/public-relations/power-outage-notifications/news/npZ1AabMj,Friday,2020-09-18,"Bangkok : The power outage areas are;
08:30 AM – 03:30 PM
- Nimit Mai Road, Foresta Village, Soi Nimit Mai 40."
MEA,https://www.mea.or.th/en/public-relations/power-outage-notifications/news/npZ1AabMj,Wednesday,2020-09-16,"Bangkok : The power outage areas are;
08:30 AM – 03:30 PM
- Sukhumvit 93 Road, Soi Phueng Mi 1. 08:30 AM – 04:30 PM
- Bang Khun Thian-Chai Thalae Road, Soi Thian Thale 28 and the area at the end of Yai Phian Canal."
MEA,https://www.mea.or.th/en/public-relations/power-outage-notifications/news/npZ1AabMj,Monday,2020-09-14,"Bangkok : The power outage areas are;
08:30 AM – 01:00 PM
- The road inside Kritsada Nakhon 20 and 31 Village, from Soi Ratsami 16 to Soi Noppharat 31. 09:00 AM – 01:30 PM
- Ratchaphruek 14 Road, Soi Theerin Village, Intersection 1 – 2. Samutprakan: The power outage areas are;
08:30 AM – 03:30 PM
- Si Waree Noi Temple Road, Soi along Chorakhe Yai Canal."
MEA,https://www.mea.or.th/en/public-relations/power-outage-notifications/news/npZ1AabMj,Sunday,2020-09-13,"Bangkok : The power outage areas are;
05:00 AM – 12:00 AM
- Lat Phrao Road, So i Lat Phrao 67/2. 08:00 AM – 03:30 PM
- Pradit Manutham Road, Soi Loi Sai Anusorn School, Soi Pradit Manutham 29 to the beginning of Soi Yu Yen. - Sukhonthasawat Road, Soi Sukhonthasawat 29, Masterpiece Village. - Yu Yen Road, Soi Yu Yen 1. 08:00 AM – 04:00 PM
- Naradhiwat Rajanagarindra Road, Soi Naradhiwat Rajanagarindra 10, Intersection 2 – 12. - The area along the side of Charoen Nakhon Road, from Soi Charoen Nakhon 70 – 74. 08:00 AM – 04:30 PM
- The area along the side of the Southern Outer Ring Express Way Frontage Road, from Soi Pan Wiang to Natura Village. 08:30 AM – 11:00 AM
- Liap Wari Road, Soi Liap Wari 59. 08:30 AM – 02:30 PM
- The area along the side of Mitri Chit Road, nearby both sides of Phlap Phla Chai Intersection. 08:30 AM – 03:30 PM
- Phet Kasem Road, from the beginning of Soi Phet Kasem 88 to Bang Chak Canal. - Phutthamonthon Sai 2 Road, Soi Maha Mongkhon 2 Village. - The area along the side of Prachasamran Road, in front of Phon Pracha Village. - The area along the side of San Phawut Road, from Krua Phrae Porn Restaurant to Soi Bang Na Nok Temple. 09:00 AM – 02:00 PM
- Pho Kaeo Road, Soi Pho Kaeo 3, Intersection 20. - Sangkhom Songkhro Road, Soi Sangkhom Songkhro 6. 09:00 AM – 03:00 PM
- Ramkhamhaeng Road, from Soi Ramkhamhaeng 185-187/1. - Ram Inthra Road, Soi Ram Inthra 42. 09:00 AM – 03:30 PM
- Srinagarindra Road, Soi Suphaphong 1, Intersection 2. Nonthaburi: The power outage areas are;
08:30 AM – 02:30 PM
- Tiwanon Road, from Soi Pinprapakom 1-3/8. 08:30 AM – 03:30 PM
- The area along the side of Tha It Road, from Pradab Dao 1 – 4 Village to Tesco Lotus. Samutprakan: The power outage areas are;
08:00 AM – 04:30 PM
- Suk Sawat Road, Soi Suk Sawat 78, from Intersection 19 to the area in front of Khanasin Village and from Soi Suk Sawat 78, Intersection 20 to Soi Suk Sawat 76  (throughout the Soi). 08:00 AM – 05:00 PM
- Thepharak Road, Phon Sawang Village, Soi 28 – 42. 08:30 AM – 03:00 PM
- Tamru – Bang Phli Road, from the beginning of Soi Ying Charoen to Win Win Parts and Molds Limited Partnership. 08:30 AM – 03:30 PM
- Bang Na – Trat Road, Km. 24, from Soi Charoenchai Stainless Co. ,Ltd to Soi Eternal Resin Co. , Ltd."
MEA,https://www.mea.or.th/en/public-relations/power-outage-notifications/news/npZ1AabMj,Saturday,2020-09-12,"Bangkok : The power outage areas are;
08:00 AM – 03:30 PM
- Pracha Uthit Road, from Soi Pracha Uthit 131 – the area at the side of Soi Suk Sawat 76, Intersection 6/1 and 6/2. 08:30 AM – 02:00 PM
- Song Prapha Road, Soi Sri Karn Park View Village. 08:30 AM – 02:30 PM
- The area along both sides of Charoen Rat Road, from the beginning of Soi Charoen Rat 19 – 24. 08:30 AM – 03:00 PM
- Suwinthawong Road, Soi Suwinthawong 1. 08:30 AM – 03:30 PM
- Phet Kasem Road, from Soi Phet Kasem 112, Intersection 15 to Soi Kamnan Wichit, Intersection 10. - The area along the side of Prachasamran Road, from that before the beginning of Soi Saen Kasem to the beginning of Soi Prachasamran 2. 09:00 AM – 02:00 PM
- Kanchanaphisek Road, Soi Kanchanaphisek 53, Atoll Lanta Resort Life Village and the area inside Salut Canal. - Ramkhamhaeng Road, Soi Ramkhamhaeng 43/1. 09:00 AM – 02:30 PM
- Rom Klao Road, from Soi Rom Klao 6/1 to the bridge over Bung Khwang Canal. 09:00 AM – 03:00 PM
- Khlong Lamchiak Road, Soi Nirvana Beyond Village. - Lat Phrao Road, Soi Lat Phrao 107. 09:00 AM – 03:30 PM
- Pho Kaeo Road, Soi Pho Kaeo 3, Intersection 6. - Sukhumvit Road, Soi Sukhumvit 55, from Soi Thong Lo 13, nearby Samitivej Hospital Junction to Soi Torsak 1. 09:00 AM – 04:30 PM
- Sukhumvit Road, Soi Sukhumvit 49 (Soi Phrom Mit). Nonthaburi: The power outage areas are;
08:30 AM – 10:00 AM
- 345 Road, Soi Arun Sunthri Village. 08:30 AM – 03:00 PM
- Lahan – Lam Pho Road, Sammakorn Chaiyaphruek-Wongwaen Village. - The area along the side of Tha It Road, Pradab Dao 5 – 6 Village, Thananthorn Village, T Land Village, Royal Park Land Village, The Villa Village, Prueksa 11 Village, Bang Bua Thong Temple School and Soi Tha It 7, 9, 11, 18, 14. 10:00 AM – 01:00 PM
- The area along the side of New Chaiyapruek Road, nearby PTT Gas Station. Samutprakan: The power outage areas are;
08:00 AM – 04:30 PM
- Suk Sawat Road, from Soi Suk Sawat 74, Intersection 4 to Soi Suk Sawat 74, Intersection 10. 08:30 AM – 03:30 PM
- The area along the side of Buanakarin Road, around the steel factory at Buanakarin Junction, Bualuang Village, Prueksa Ville Village 66/1, 66/2 and 87/2."
MEA,https://www.mea.or.th/en/public-relations/power-outage-notifications/news/mAaTrP5vk,Friday,2020-09-04,"Bangkok : The power outage areas are;
08:30 AM – 03:30 PM
- Sukhumvit 105 Road (Soi Lasalle), Soi Lasalle 46. Samutprakan: The power outage areas are;
08:30 AM – 03:30 PM
- The area along the side of Srinagarindra Road, from Isuzu Car Showroom to PT Gas Station."
MEA,https://www.mea.or.th/en/public-relations/power-outage-notifications/news/mAaTrP5vk,Thursday,2020-09-03,"Bangkok : The power outage areas are;
09:00 AM – 01:00 PM
- Lat Phrao Road, Soi Lat Phrao 64, Intersection 6."
MEA,https://www.mea.or.th/en/public-relations/power-outage-notifications/news/mAaTrP5vk,Tuesday,2020-09-01,"Bangkok : The power outage areas are;
09:00 AM – 01:00 PM
- Bang Kadi Road, Soi Bang Kadi 35/1, Intersection 2."
MEA,https://www.mea.or.th/en/public-relations/power-outage-notifications/news/mAaTrP5vk,Monday,2020-08-31,"Samutprakan: The power outage areas are;
08:30 AM – 03:30 PM
- Lat Krabang Road, Soi Lat Krabang 14/1, Soi Thai Samut 1 Village, Intersection 1-6."
MEA,https://www.mea.or.th/en/public-relations/power-outage-notifications/news/mAaTrP5vk,Sunday,2020-08-30,"Bangkok : The power outage areas are;
07:30 AM – 03:30 PM
- Royal City Avenue Road, Soi RCA. 08:30 AM – 12:00 AM
- The area along the side of Srinagarindra Road, from that in front of Seacon Square Mall to the beginning of Soi Srinagarindra 51. 08:30 AM – 03:30 PM
- Ramkhamhaeng Road, Soi Ramkhamhaeng 11. - The area along the side of Vibhavadi Rangsit Road, Nakorn Chai Air, Ocean Life Insurance, St. Stephen’s International School, Bangkok and Police Education Bureau. - The area along the side of Srinagarindra Road, from that in front of Seacon Square Mall to the beginning of Soi Srinagarindra 51by the side of outbound Srinagarindra Road, and from Srinakarin Furniture – Curtain Shop to Grand Lord Hotel. - The area along the side of inbound Sukhumvit Road, from Udomsuk Post Office to Soi Sukhumvit 70/2 (except Soi Sukhumvit 66/1). 09:00 AM – 02:00 PM
- Suwinthawong Road, Soi Suwinthawong 110. Nonthaburi: The power outage areas are;
08:30 AM – 03:30 PM
- The area along the side of Bang Kruai – Sai Noi Road, from Land Villa, throughout Soi Rong Mi to Lotus Express. 09:00 AM – 01:30 PM
- The area along the side of Bang Yai – Bang Khu Rat Road, Soi Kantana. Samutprakan: The power outage areas are;
08:00 AM – 03:30 PM
- Sukhumvit Road, Soi Kheha Bang Pu (Bang Pu 4). 08:00 AM – 05:00 PM
- The area along the side of ARD. Pracha Uthit 90 Road (at the side of Khlong Suan Temple), Siam Intergloss Co. , Ltd to Sarai Canal. 08:30 AM – 03:30 PM
- The area along the side of Tamru – Bang Phli Road, from that in front of Bang Tamru Electricity Substation, Soi Suk Chai, Wararom Lake View Phase 1 Village, Suthawi Village, Sup Mankong Village to Kitrungrueng Supplies."
MEA,https://www.mea.or.th/en/public-relations/power-outage-notifications/news/mAaTrP5vk,Saturday,2020-08-29,"Bangkok : The power outage areas are;
07:30 AM – 03:30 PM
- Royal City Avenue Road, Soi RCA. 08:30 AM – 02:30 PM
- Charoen Rat Road, Soi Charoen Rat 14. 08:30 AM – 03:30 PM
- Pradipat Road, Soi Pradipat 23 and 25. - On Nut Road, Soi On Nut 17. 11:00 AM – 01:00 PM
- Odd-side Suk Sawat Road, from Soi Suk Sawat 7 to the area around the police booth at Bangpakaew Intersection. 12:00 AM – 01:00 PM
- Sukhumvit Road, Soi Sukhumvit 101. Samutprakan: The power outage areas are;
08:00 AM – 05:00 PM
- The area along the side of ARD. Pracha Uthit 90 Road, from Soi Ban Khlong Suan Sub-District Office to Khunrat Phinit Chai Floodgate."
MEA,https://www.mea.or.th/en/public-relations/power-outage-notifications/news/2QgjXJPZh,Friday,2020-08-28,"Bangkok : The power outage areas are;
08:00 AM – 03:30 PM
- Tha Kham Road, from Soi Tha Kham 23, 25 and 32. 08:30 AM – 02:00 PM
- Kanchanaphisek – Ekkachai Road, the area around Prinsiri Village. 08:30 AM – 03:30 PM
- Vibhavadi Rangsit Road, Soi Vibhavadi Rangsit 60, Intersection 3 – 24, Chai Khlong Community, Town Avenue Village, Private Tropicana Village and Six Nature Vibhavadi 60 Village."
MEA,https://www.mea.or.th/en/public-relations/power-outage-notifications/news/2QgjXJPZh,Thursday,2020-08-27,"Bangkok : The power outage areas are;
08:30 AM – 01:00 PM
- Pracha Uthit Road, Soi Pracha Uthit 72, Intersection to Soi Sinbodee Village."
MEA,https://www.mea.or.th/en/public-relations/power-outage-notifications/news/2QgjXJPZh,Tuesday,2020-08-25,"Bangkok : The power outage areas are;
08:30 AM – 03:30 PM
- The area along the side of Srinagarindra Road, from Lam Sali Intersection, around the bypass to Ramkhamhaeng Road to the beginning of Soi Ramkhamhaeng 54."
MEA,https://www.mea.or.th/en/public-relations/power-outage-notifications/news/2QgjXJPZh,Monday,2020-08-24,"Bangkok : The power outage areas are;
08:30 AM – 12:00 PM
- Pracha Uthit Road, the area in front of Max Valu."
MEA,https://www.mea.or.th/en/public-relations/power-outage-notifications/news/2QgjXJPZh,Sunday,2020-08-23,"Bangkok : The power outage areas are;
08:00 AM – 04:00 PM
- Khlong Sip Sam Frontage Rod, Soi Chok Chai. - Naradhiwas Rajanagarindra Road, Soi Naradhiwas Rajanagarindra8, 8/1 and 12. 08:30 AM – 03:30 PM
- Phraya Monthat Ratchasi Phichit Road, Soi Phraya Monthat Ratchasi Phichit, Intersection 2. - Phet Kasem Road, from Soi Phet Kasem 63/1-63/4 and Soi Phet Kasem 116 (Siri Khet Village). - Lat Phrao Road, Soi Lat Phrao 126. - Ratchadaphisek Road, SOUL Ratchadaphisek Village, Soi Ratchadaphisek 62-66, Sarin Park Village to Sukhum Apartment. - Outbound Vibhavadi Rangsit Road, from the area nearby the beginning of Soi Vibhavadi Rangsit 3, Soi Vibhavadi Rangsit 40/2 (throughout the Soi), Honda Car Centre, Pra Nakhon Yontrakan to U Delight Racha vibha Condo. 08:30 AM – 05:00 PM
- Rama II Road, Soi Rama II, Soi 51 (Soi Lao Temple). - Anamai Ngam Charoen Road, from Soi Anamai Ngam Charoen 22 – 31. 09:00 AM – 02:00 PM
- Liap Wari Road, Soi Liap Wari 35. 09:00 AM – 02:30 PM
- Outbound Bang Na – Trat Road, Km. 4. 5, the area around the beginning of Soi Bang Na – Trat  35. 09:00 AM – 03:00 PM
- Sukhumvit Road, Soi Sukhumvit 89. 09:00 AM – 03:30 PM
- Hua Mak Road (odd side), from Soi Hua Mak 9-23 (Except Soi 21). Nonthaburi: The power outage areas are;
08:30 AM – 03:00 PM
- Khlong Khun Si Frontage Road, the area around Khlong Khun Si Temple and the nearby area. - Plai Bang Road, from the area in front of Thetsaban Plai Bang Pawnshop to Soi Plai Bang 2, Samrej Ville Village, Soi Chao Mae Tubtim Shrine. Samutprakan: The power outage areas are;
08:00 AM – 03:30 PM
- Thepharak Road, Soi Thepa Niwet Village, Bang Pu Nakhon Village, Phase 2 Thepharak, Thepharak
Sub-district Office
- Amondet Road, Soi Amondet 16, Nakhon Thong Village, Pak Nam Condo. 08:30 AM – 03:00 PM
- Thepharak Road, Soi Bang Pla 8, from Thai An Chang Co. , Ltd to the end of the Soi. 08:30 AM – 05:00 PM
- Ard. Pracha Uthit 90 Road (at the side of Khlong Suan Temple), from Siam Intergloss Co. , Ltd to Khlong Sarai. 09:00 AM – 02:00 PM
- King Kaeo Road, Soi King Kaeo 9."
MEA,https://www.mea.or.th/en/public-relations/power-outage-notifications/news/2QgjXJPZh,Saturday,2020-08-22,"Bangkok : The power outage areas are;
08:00 AM – 05:00 PM
- Thian Thale 25 Road, Soi Old Khlong Luk Wua Floodgate. 08:30 AM – 02:30 PM
- Ram Inthra Road, Soi Ram Inthra 52/1. 08:30 AM – 03:30 PM
- Phet Kasem Road, from Soi Phet Kasem 77, Intersection 3/6 – 3/10. - The area along the side of Vibhavadi Rangsit Road, from that in front of F1 Car Centre to Benz Sport Professional Centre Co. , Ltd. 09:00 AM – 02:00 PM
- The area along the side of Chalong Krung Road, from Soi Chalong Krung 45 to Khlong Lam Ko Phai, and from the area around the beginning of Soi Chalong Krung 53 to that before Prueksa 51 Village. 09:00 AM – 03:00 PM
- Nak Niwat Road, Soi Nak Niwat 47. - Ramkhamhaeng Road, Soi Ramkhamhaeng 28. 09:00 AM – 03:30 PM
- The area along the side of Hua Mak Road (odd side), from Soi Hua Mak 1 – 7. 09:30 AM – 02:30 PM
- Nawamin Road, Soi Nawamin 85. - Sena Nikhom Road, from the beginning of Soi Sena Nikhom 108 to the beginning of Soi Sena Nikhom 115. 12:00 AM – 02:30 PM
- Inbound Vibhavadi Rangsit Road, Soi Vibhavadi Rangsit 54 and the area around MAX CONDO. Nonthaburi: The power outage areas are;
08:30 AM – 03:30 PM
- The area along the side of Plai Bang Road (Sri Ruangbun Temple), from Arpha 2 Village, Pinklao – Suan Phak 32 to Soi  Kho Non Rat Bamrung Temple. Samutprakan: The power outage areas are;
08:30 AM – 03:30 PM
- Rotrang Sai Kao Road, Soi Yothin Pradit Temple. 08:30 AM – 04:30 PM
- The entrance road to Nikhom Sapan Daeng, Soi Prueksa 28 Village. 09:00 AM – 05:00 PM
- Prawet – Bua Roi Road, Soi before crossing Klan Hom Canal. 10:00 AM – 12:00 AM
- Lat Wai – Bang Phli Road, Soi Masor Mosque."
MEA,https://www.mea.or.th/en/public-relations/power-outage-notifications/news/nQRlFVYGE,Friday,2020-08-21,"Bangkok : The power outage areas are;
08:00 AM – 03:30 PM
- Ramkhamhaeng Road, Soi Ramkhamhaeng 32, Intersection 1."
MEA,https://www.mea.or.th/en/public-relations/power-outage-notifications/news/nQRlFVYGE,Thursday,2020-08-20,"Bangkok : The power outage areas are;
09:00 AM – 01:00 PM
- Bang Khun Thian – Chai Thale Road, Soi Thian Thale 20, Intersection 9-3 and 9-4. Nonthaburi: The power outage areas are;
09:00 AM - 01:00 PM
- The area along the side of Samret Phatthana Road, Soi next to Rung Arun Ville Village."
MEA,https://www.mea.or.th/en/public-relations/power-outage-notifications/news/nQRlFVYGE,Wednesday,2020-08-19,"Bangkok : The power outage areas are;
08:30 AM – 03:30 PM
- Phet Kasem Road, Soi Phet Kasem 51. 09:00 AM – 03:30 PM
- Ramkhamhaeng Road, Soi Ramkhamhaeng 17."
MEA,https://www.mea.or.th/en/public-relations/power-outage-notifications/news/nQRlFVYGE,Tuesday,2020-08-18,"Bangkok : The power outage areas are;
09:00 AM – 01:00 PM
- Khlong Kao Road, Soi Sum Prasert, Rak 9 Village, around the pile no. 42 – 46."
MEA,https://www.mea.or.th/en/public-relations/power-outage-notifications/news/nQRlFVYGE,Monday,2020-08-17,"Bangkok : The power outage areas are;
09:00 AM – 01:00 PM
- Phuttha Bucha Road, Soi Phuttha Bucha 46, Intersection 1-3. 09:00 AM – 02:00 PM
- Phrayasuren Road, Soi Phrayasuren 26, Manthana Village. Samutprakan: The power outage areas are;
08:30 AM – 01:00 PM
- Khlong Nong Ri Road, Phraeksa Witthaya School, Soi Phraek 5."
MEA,https://www.mea.or.th/en/public-relations/power-outage-notifications/news/nQRlFVYGE,Sunday,2020-08-16,"Bangkok : The power outage areas are;
08:00 AM – 03:30 PM
- Naradhiwas Rajanagarindra Road, So Naradhiwas Rajanagarindra 18 and 20. - Thawi Wattana Canal Frontage Road, Soi Utthayan 9, Sin Aksa Village, Soi Thawi Wattana 16 and 18, Soi Thawi Wattana 23/1-25/2 and Bang Krathuek Canal. 08:00 AM – 05:00 PM
- Anamai Ngam Charoen Road, from the block buildings before Soi Anamai Ngam Charoen 10  to Soi Anamai Ngam Charoen 29 and throughout Soi Tha Kham (except the area inside Soi Anamai Ngam Charoen 25). 09:00 AM – 01:00 PM
- Nawamin Road, Soi Nawamin 111 (from the beginning of the Soi to Intersection 3). 08:30 AM – 03:30 PM
- Phet Kasem 81 Road, from Soi mosquito repellent factory to Soi Hunsa Ma Charoen Village. - Rom Klao – Srinagarindra Road, from Soi along Khlong Nueng to the beginning of Soi Patthana Chonabot 3. - The area along the side of inbound Bang Na – Trat Road, from MC Tower (Bang Na Canal) to the beginning of Soi Bang Na – Trat 30. - The area along the side of Prasert Manukit Road, from that in front of Metro Luxe Kaset Condominium to the community behind the Department of Medical Science. 08:00 AM – 01:00 PM
- The area along the side of the Southern Outer Ring Express Way Frontage Road, from the bridge over Rang Khwang Canal to Imperial Park Village. - Kamphaeng Phet 6 Road, Soi Vibhavadi Rangsit 25 Intersection 1. 08:30 AM – 03:00 PM
- Lat Phrao Road, Soi Lat Phrao 92. Nonthaburi: The power outage areas are;
08:30 AM – 03:00 PM
- The area along the side of outbound Taling Chan – Suphan Buri Road (340), from Sang Bua Thong Village and the community along Lam Li Canal to Sahachai Particle Board Co. , Ltd. Samutprakan: The power outage areas are;
08:00 AM – 05:00 PM
- The area along the side of Phuttharaksa Road, from Soi Thammasiri, Soi Rungrot, Pet Aree Market to Anongvetch Kindergarten, and Honda Car Centre, Soi The Trust Town Home Village and Praksa Withed Suksa School. 08:30 AM – 03:30 PM
The area along the side of Bang Na – Trat Road, (Km. 20, inbound), from the area in front of the boat noodle bistro to that in front of Smile Super Express Co. , Ltd
08:30 AM – 03:30 PM
- The area along the side of ARD. Pracha Uthit 90 (at the side of Khlong Suan Temple), from Krua Charoen Seafood Restaurant to Siam Inter Gloss Co. , Ltd."
MEA,https://www.mea.or.th/en/public-relations/power-outage-notifications/news/nQRlFVYGE,Saturday,2020-08-15,"Bangkok : The power outage areas are;
08:00 AM – 03:30 PM
- Nonsi Road, throughout Soi Nonsi 20. - The area along the side of Phet Kasem Road, from Soi Phet Kasem 25/3 – 27. 08:00 AM – 05:00 PM
- ARD. Road, from Soi Ban Khlong Suan Subdistrict Administration Office to Khunrat Phinit Chai Floodgate. 08:30 AM – 01:00 PM
- Pracha Uthit Road, throughout Soi Pracha Uthit 14. 08:30 AM – 03:30 PM
- Outbound Bang Na – Trat Road, Km. 4, Soi Bang Na – Trat 27, Phairot Village. - Phet Kasem 77 Road, from Soi Sawatdikan 2, Intersection 23 – Soi Phet Kasem 79, Intersection 17. - Lat Phrao Road, Soi Lat Phrao 28. - Sukhumvit 107 Road (Soi Baring), Soi Baring 13, Thong Yu 2 Intersection. 09:00 AM – 03:00 PM
- Chok Chai 4 Road, Soi Chok Chai 4, Intersection 78. 09:00 AM – 03:30 PM
- Nuan Chan Road, Soi Nuan Chan 25 and 27. Nonthaburi: The power outage areas are;
08:30 AM – 02:00 PM
- The area along the side of Bang Yai City Road, from Soi 10, 11, 21, Khue Lat Canal, Ban Rom Mai Village and the nearby area. Samutprakan: The power outage areas are;
08:00 AM – 03:30 PM
- The area along the side of Tai Ban Road, from that in front of oil depot to Soi Tai Ban 28."
MEA,https://www.mea.or.th/en/public-relations/power-outage-notifications/news/K1yz5QYdg,Friday,2020-08-14,"Bangkok : The power outage areas are;
09:30 AM – 02:00 PM
- Sangkha Santi Suk Road, Soi Sangkha Santi Suk 14."
MEA,https://www.mea.or.th/en/public-relations/power-outage-notifications/news/K1yz5QYdg,Thursday,2020-08-13,"Bangkok : The power outage areas are;
08:30 AM – 01:30 PM
- Ratchadaphisek Road, Soi Ratchadaphisek 36, Intersection 19/1."
MEA,https://www.mea.or.th/en/public-relations/power-outage-notifications/news/K1yz5QYdg,Wednesday,2020-08-12,"Bangkok : The power outage areas are;
08:30 AM – 03:30 PM
- The area along the side of inbound Phahonyothin Road, in front of Bhumibol Adulyadej Hospital. - The area along the side of Petchaburi Road, from the beginning of Soi Petchaburi 47 to Ekkamai Intersection. - The area along the side of Sukhumvit Road, from Soi Sukhumvit 66 (Shell Gas Station) to Udomsuk Post Office. Samutprakan: The power outage areas are;
08:00 AM - 03:30 PM
- The area along the side of old Sukhumvit Road, from Soi Thetsaban Bang Pu 124 – 126. 08:30 AM – 03:30 PM
- Sukhumvit Road, Soi Thetsaban Khlong Dan 9."
MEA,https://www.mea.or.th/en/public-relations/power-outage-notifications/news/K1yz5QYdg,Monday,2020-08-10,"Bangkok : The power outage areas are;
07:30 AM – 03:30 PM
- Sukhumvit Road, Homhuan Mansion, Soi Sukhumvit 49. 10:00 PM – 02:00 AM
- Lat Phrao Road, Soi Lat Phrao 64, intersection 10."
MEA,https://www.mea.or.th/en/public-relations/power-outage-notifications/news/K1yz5QYdg,Sunday,2020-08-09,"Bangkok : The power outage areas are;
08:00 AM – 03:30 PM
- Sathon Road, Soi Sathon 9. - The area along the side of Chaiyaphruk Road, from Khlong Chak Phra to Chak Phra Juction, Kai Tia Temple, Nakhon Pa Mak Temple to Soi Chaiyaphruk Soi 7. - The area along the side of Bang Khun Non Road, from the beginning of Soi Bang Khun Non 29 (Chao Arm Temple) to Soi Bang Khun Non 31. - The area along the side of Sathon Road, from the beginning of Soi Sathon 9 to the beginning of Sathon 11. 08:00 AM – 04:00 PM
- Mit Maitri Road, Soi Mit Maitri 6/8. 08:00 AM – 04:30 PM
- The area along the side of the Southern Outer Ring Express Way Frontage Road, from Soi Pan Wiang to Natura Village. 08:30 AM – 01:00 PM
- The road along Khlong Hok Wa, Soi at the end of Soi Sai Mai 39. 08:30 AM – 02:30 PM
- Kanchanaphisek Road, Soi Thip Paisan. 08:30 AM – 03:30 PM
- Prasert Manukit Road, from Soi KFC to the area in front of Metro Luxe Kaset. - Phahonyothin Road, Soi Bang Khen District Office. - Ramkhamhaeng Road, Soi Ramkhamhaeng 32. - The area along the side of Khum Klao Road, from Soi Khum Klao 24 (by the side of Khlong Si, end of the Soi) to Soi Khum Klao (the road side area at the beginning of the Soi). - The area along the side of West Thoet Damri Road, from the beginning of Soi Ranong 1 to Samsen Juction. - The area along the side of San Phawut Road, from that in front of MEA Bang Na to I Wood Innovation Co. , Ltd. 08:30 AM – 04:00 PM
- Thian Thale Road, Soi Thian Thale 20, from Sinthavee Thienthalay 2 Village to B. T. Engineering Co. , Ltd. 09:00 AM – 03:00 PM
- Ramkhamhaeng Road, Soi Ramkhamhaeng 41. Nonthaburi: The power outage areas are;
08:30 AM - 03:30 PM
- The area along the side of Bang Kruai – Sai Noi Road, from Soi Ruamsuk to the used car dealer. 09:00 AM – 01:00 PM
- The area along the side of Sai Noi – Ton Chueak Road, the area around Bang Elua Canal. Samutprakan: The power outage areas are;
08:00 AM - 03:30 PM
- The area along the side of Phuchao Saming Phray Road, around RS Condo. - The area along the side of Phuttha Raksa Road, around Soi Thetsaban Bang Pu 33. 08:00 AM – 05:00 PM
- Bang Phli – Tamru Road, Soi Aomthong Village. - The area along the side of ARD. Pracha Uthit 90 Road (at the side of Khlong Suan Temple), from I Leaf Town Village to Khlong Suan Temple."
MEA,https://www.mea.or.th/en/public-relations/power-outage-notifications/news/K1yz5QYdg,Saturday,2020-08-08,"Bangkok : The power outage areas are;
08:00 AM – 01:00 PM
- The area along the side of Inthrawat Road, from Soi Inthrawat 2 – 40. 08:30 AM – 03:30 PM
- The area along the side of Taksin Road, from Mahai Sawan Intersection to Soi Taksin 33. - The area along the side of Maitri Chit Road, from Soi Maitri Chit 1 to UEA Suk 2 Village. 08:00 AM – 04:00 PM
- West Khlong Sip Sam Road, Soi Khlong Chak. 08:30 AM – 02:00 PM
- Ratchadaphisek Road, Soi Ratchadaphisek 42. 08:30 AM – 03:30 PM
- Kanchanaphisek Road, Soi Khlong Ban Sai. - Chaloem Phrakiat Rama 9 Road, from the beginning of Soi Chaloem Phrakiat Rama 9 Soi 14 onwards. - Rama Nine Road, around Soi Rama Nine 8 and Royal City Avenue Road. - Phahonyothin Road, Bang Khen Roundabout and Soi Phahonyothin 55/1. - Ramkhamhaeng Road, Soi Flat of Hua Mak Police Station and Sports Authority of Thailand (main building). - The area along the side of Rama Six Road, from Soi Rama Six 6 Soi 28 (Soi Satsana by the river) to Soi Suan Ngoen. - The area along the side of Rom Klao Road, from Soi Rom Klao 3 – 7. 08:30 AM – 04:00 PM
- The area along the odd side of Suk Sawat Road, from the beginning of Soi Suk Sawat 35 – 35/1. 09:00 AM – 01:00 PM
- Sukhumvit 77 Road, from Soi On Nut 33-33/1. 09:00 AM – 03:00 PM
- Rama Nine Road, Soi Rama Nine 39. Nonthaburi: The power outage areas are;
09:00 AM - 03:00 PM
- The area along the side of Bang Phai – Prao Ngai Road, from the area along the side of Prapa Canal to Thippiman Village. Samutprakan: The power outage areas are;
08:30 AM - 03:30 PM
- King Kaeo Road, the area around Ton Sai Curve, Soi King Kaeo 11 and the area inside Windmill Park Village."
MEA,https://www.mea.or.th/en/public-relations/power-outage-notifications/news/USeSjbmOC,Wednesday,2020-08-05,"Bangkok : The power outage areas are;
08:30 AM – 03:30 PM
- Mit Maitri Road, Soi Mit Maitri 8/2."
MEA,https://www.mea.or.th/en/public-relations/power-outage-notifications/news/USeSjbmOC,Sunday,2020-08-02,"Bangkok : The power outage areas are;
08:00 AM – 12:00 AM
- Rama II Road, Soi Rama II Soi 23. 08:30 AM – 03:30 PM
- The area along the side of New Phetchaburi Road (outbound), from that in front of Foodland to Khlong Ton Intersection. - The area along the side of Suk Sawat Road, from Soi Suk Sawat 52/1 ถึง Chaeng Ron Canal. Samutprakan: The power outage areas are;
08:30 AM - 01:00 PM
- Sukhumvit Road, from the left side of Soi Udomdej 3 to the left side of Soi Udomdej 4. 08:00 AM – 03:30 PM
- Phuttha Raksa Road, throughout Soi Phraeksa 3 (Thong Noppakhun). 08:30 AM – 04:30 PM
- ARD. Pracha Uthit 90, from the area in front of P. A. S Ltd to that in front of Mini Big C. 08:30 AM – 05:30 PM
- Kheha Muang Mai – Lat Wai Road, Soi Muang Mai Industrial Estate, Soi 6/1. From Shippo Asahi Moulds (Thailand) to Sanby (Thailand) Company Limited."
MEA,https://www.mea.or.th/en/public-relations/power-outage-notifications/news/USeSjbmOC,Saturday,2020-08-01,"Bangkok : The power outage areas are;
08:00 AM – 03:30 PM
- Suk Sawat Road (along the Express Way) Soi Suk Sawat 50. 08:30 AM – 05:00 PM
- The area along the side of  ARD. Pracha Uthit 90 Road, from Khunrat Phinit Chai Pumping Station to Petcharoen Rungroeng Co. , Ltd. 08:30 AM – 03:30 PM
- Chaloem Phrakiat Ratchakan Thi 9 Road, Soi Ta Klam Temple School. - The area along the side of Ramkhamhaeng Road, from Soi Ramkhamhaeng 88 to the area in the middle of the Soi – Soi Ramkhamhaeng 94/1 (except Soi Ramkhamhaeng 92, 94). 09:30 AM – 02:30 PM
- Sai Mai Road, Soi Sense Village. Nonthaburi: The power outage areas are;
08:30 AM - 03:00 PM
- Khlong Ta Tang Frontage Road, the area along the side of the road."
MEA,https://www.mea.or.th/en/public-relations/power-outage-notifications/news/qZVo8lrC1,Thursday,2020-07-30,"Bangkok : The power outage areas are;
08:30 AM – 01:00 PM
- Bang Khun Thian - Chai Thalae Road, Soi Thian Thale 24. 10:00 PM – 05:00 AM
- The area along the side of Chaeng Watthana Road, from Buddhavijjalaya College to Wat Pra Sri Mahathat Demonstration School."
MEA,https://www.mea.or.th/en/public-relations/power-outage-notifications/news/qZVo8lrC1,Wednesday,2020-07-29,"Bangkok : The power outage areas are;
09:00 AM – 01:00 PM
- Phahonyothin Road, Soi Bualung Village. 12:00 AM – 01:00 PM
- Ramkhamhaeng Road, Soi Ramkhamhaeng 2, Intersection 13, 15, 17 and 23."
MEA,https://www.mea.or.th/en/public-relations/power-outage-notifications/news/qZVo8lrC1,Tuesday,2020-07-28,"Bangkok : The power outage areas are;
08:30 AM – 03:30 PM
- Phet Kasem 110 Road, from Soi Dao Rung Mansion to Soi Siri Lighting Market and Soi Phet Kasem 110, Intersection 4, 6, 7. Nonthaburi: The power outage areas are;
08:30 AM - 03:30 PM
- The area along the side of Sai Noi – Ton Chueak Road, the area nearby Soi Ban Mai Subdistrict Administration Office. Samutprakan: The power outage areas are;
08:30 AM - 04:30 PM
- Even side of Suk Sawat Road, Soi Suk Sawat 64. From TOT PCL to Klang Muang Villlage."
MEA,https://www.mea.or.th/en/public-relations/power-outage-notifications/news/qZVo8lrC1,Monday,2020-07-27,"Bangkok : The power outage areas are;
08:30 AM – 03:30 PM
- Lat Phrao Road, Soi Lat Phrao 101, Intersection 28, 30, 34."
MEA,https://www.mea.or.th/en/public-relations/power-outage-notifications/news/qZVo8lrC1,Sunday,2020-07-26,"Bangkok : The power outage areas are;
08:00 AM – 02:30 PM
- The area along the even side of Somdet Chao Phraya Road, from Marayat Di Intersection to Soi Somdet Chao Phraya 10. 08:00 AM – 04:30 PM
- Pracha Uthit Road, Soi Pracha Uthit 76, Intersection 6, Soi Pracha Uthit 78, Soi Pracha Uthit 95 to Thung Khru Intersction. - The area along the side of Bang Khun Thian - Chai Thalae Road, from Pratheep Phli Phol Temple to Soi Thian Thale 21 (throughout the Soi). - The area along the side of the Southern Outer Ring Express Way Frontage Road, from Saransiri Village to Narisa Village (at the side of Pracha Uthit Road). 08:30 AM – 12:00 AM
- Phahonyothin Road, Soi Phahonyothin 54/1, Intersection 8. 08:00 AM – 12:45 PM
- The area along the side of Ram Inthra Road, Soi Ram Inthra 26 (throughout the Soi). 08:30 AM – 03:30 PM
- Chalong Krung Road, Soi G1/5, Lat Krabang Industrial Estate. - Ram Inthra Road, Soi Ram Inthra 16 – 28. - Sukhumvit 71 Road, Soi Pridi Banomyong 2 (the end of the Soi area). - The area along the side of Bang Bon 3 Road, from that by the side of Rang Phai Canal to the beginning of the Soi at the side of Ekkachai Road. - The area along the side of West Ratchasima Road, from Department of Local Administration to Wang Daeng Intersection. 09:00 AM – 02:00 PM
- Lat Phrao Road, from the middle area of Soi Lat Phrao 94 onwards. 09:00 AM – 03:00 PM
- Nak Niwat Road, Soi Nak Niwat 2 (throughout the Soi), Soi Nak Niwat 3 – 5, and from Soi Nak Niwat 51 – 57. Nonthaburi: The power outage areas are;
08:30 AM - 03:00 PM
- The area along the side of Khlong Khun Si Frontage Road, around Khun Si Lang Temple. 09:00 AM – 03:30 PM
- The area along the side of Khlong Kamnan Chuen Frontage Road, from Soi Lim Sakun to Khlong Kamnan Chuen Frontage Road. Samutprakan: The power outage areas are;
08:00 AM - 03:00 PM
- The area along the side of Phuttha Raksa Road, from Asia Lamp Industry Co. , Ltd to Soi Thetsaban Bang Pu 25 (next to Bon Kai). 08:00 AM – 03:30 PM
- Thepharak Road, Soi Thipphawan Village. 08:00 AM – 04:30 PM
- The area along the side of Ard. Pracha Uthit 90 Road, from Krua Charoen Seafood Restaurant to Siam Inter Gloss Co. , Ltd. 08:30 AM – 03:00 PM
- Phuchao Saming Phray Road, Soi Phon Lamai. - Thanasit Road, Soi Rattana Chok 12, from the beginning of the Soi to Soi Rattana Chok 12/2 and the end of the direct way of the Soi."
MEA,https://www.mea.or.th/en/public-relations/power-outage-notifications/news/qZVo8lrC1,Saturday,2020-07-25,"Bangkok : The power outage areas are;
08:00 AM – 03:30 PM
- Sihaburanukit Road, Soi Aiyakan next to Min Buri Suksa School. 08:30 AM – 02:00 PM
- Lat Phrao Road, Soi Lat Phrao 43. 08:30 AM – 03:30 PM
- Rama II Road, the beginning of Soi Rama II, Soi 82. - Ram Inthra Road, Soi Ram Inthra 6 and 6/1. - Lat Pla Khao Road, Soi Golden Town Village, Ranee 9 Village, Soi Lat Pla Khao 72, Intersection 2, 4, 6, 8. - Sukhumvit 71 Road, Soi Pridi Banomyong 2 (the beginning of the Soi area). - Sutthisan Road, Soi Inthamara 26. - Ekkachai Road, Soi Ekkachai 109 (from the beginning of the Soi to Bang Bon Canal). 09:00 AM – 03:00 PM
- Sangkhom Songkhro Road, Soi Sangkhom Songkhro 7 (throughout the Soi). 08:30 AM – 02:30 PM เวลา 09. 00 น. - 15. 30 น. - Nawamin Road, Soi Nawamin 153. Nonthaburi: The power outage areas are;
09:00 AM - 03:30 PM
- The area along the side of Khlong Na Mon Frontage Road to Bang Kruai – Sai Noi Road."
MEA,https://www.mea.or.th/en/public-relations/power-outage-notifications/news/lNuQuPlI8,Wednesday,2020-07-22,"Bangkok : The power outage areas are;
08:30 AM – 02:00 PM
- Phran Nok – Sai 4 Road, Soi Phibun Village. - The area along the side of Panya Indra Road, from that in front of Prompat 2 Village to the exit of Panya Indra Road crossing Hathai Rat 39 Road. 08:30 AM – 03:00 PM
- Phatthanakan Road, Soi Phatthanakan 32 (the end of the Soi)."
MEA,https://www.mea.or.th/en/public-relations/power-outage-notifications/news/lNuQuPlI8,Tuesday,2020-07-21,"Bangkok : The power outage areas are;
08:30 AM – 12:00 AM
- Ratchadaphisek Road, Soi Ratchadaphisek 36, Intersection 19/1. 08:30 AM – 03:30 PM
- Charan Sanitwong Road, Soi Charan Sanitwong 3, Intersection 3."
MEA,https://www.mea.or.th/en/public-relations/power-outage-notifications/news/lNuQuPlI8,Monday,2020-07-20,"Bangkok : The power outage areas are;
09:00 AM – 03:00 PM
- Sukhumvit 63 Road (Ekkamai), Soi Ekkamai 23 (some area at the end of the Soi). Nonthaburi: The power outage areas are;
10:00 PM - 04:00 AM
- The area along the side of Bang Kruai – Sai Noi Road, around AIS Telephone Antenna."
MEA,https://www.mea.or.th/en/public-relations/power-outage-notifications/news/lNuQuPlI8,Sunday,2020-07-19,"Bangkok : The power outage areas are;
08:00 AM – 02:00 PM
- The area along the side of Itsaraphap Road, Soi Bang Sai Kai Temple. 08:00 AM – 03:30 PM
- The area along the side of Bangkok Noi – Taling Chan (Bang Khun Non), from Bangkok Noi District Office to Soi Bang Khun Non 29 (Watthana Suk Niwet). 08:00 AM – 04:00 PM
- Naradhiwas Rajanagarindra Road, Soi Samyan Seafood. - The area along the side of Sathu Pradit Road, from the beginning of Soi Sathu Pradit 53 – 55. 08:00 AM – 04:30 PM
- Suk Sawat Road, from Soi Suk Sawat 13 to the beginning of Soi Rat Burana 6/1. 08:30 AM – 03:30 PM
- Bang Na – Trat Road, Soi Bang Na – Trat 2 – 12 (except Soi Bang Na – Trat 4). - Pracha Ruam Chai Road, Kristada Nakhon 25 Village, Soi 3/9. - Rama Nine Road, the area along the side of Saen Saep Canal, Soi Rama Nine 27. - Inbound Ram Inthra Road, Soi Ram Inthra 10. - The area along the side of Pridi Banomyong (odd side), from the bridge over Tan Canal to Khlong Tan Intersection. - The area along the side of Rama Two Road, from Soi Rama Two, Soi 72 – 74. - The area along the side of Ram Inthra Road, the area between Soi 8 and 10. 09:00 AM – 12:00 AM
- Sukhumvit Road, Soi Sukhumvit 23, around the area from the entrance of NARZ Pub to the area along the left side of the road before Young Place Building. 09:00 AM – 03:30 PM
- Rama Nine Road, from the beginning of Soi Rama Nine 49 to the beginning of Soi Rama Nine 53, Soi Rama Nine 57/1, 57/2, 57 and 59. Nonthaburi: The power outage areas are;
08:30 AM - 03:30 PM
- The area along the side of Kanchanaphisek Road, from the area along the side of Ban Kluai Canal to the entrance to Lumpini Village. - The area along the side of Bang Kruai – Sai Noi Road, from Soi Bua Thong Land Village to Soi Khum Bua Thong Village, Phatchara Ville Village, PT Gas Station, Soi Molee Temple, Golden Town Village to Bang Phlu Intersection. Samutprakan: The power outage areas are;
08:00 AM - 03:30 PM
- The area along the side of Sukhumvit Road and inside Soi North Thetsaban Khlong Dan 1, Soi Thetsaban Khlong Dan 3, 7, 9/1, 12 and 14. 08:00 AM – 04:30 PM
- The area along the side of ARD. Pracha Uthit 90 Road, from I Leaf Town Village to Thai Sombun Khlong Suan Village. 08:30 AM – 05:00 PM
- Sukhumvit Road, Soi Narong Yodkhum."
MEA,https://www.mea.or.th/en/public-relations/power-outage-notifications/news/lNuQuPlI8,Saturday,2020-07-18,"Bangkok : The power outage areas are;
08:00 AM – 03:30 PM
- Chan Road, throughout Soi 51 (King Chan). - Arun Amarin Road, Soi Arun Amarin 36. 08:00 AM – 04:00 PM
- Rama Three Road, Soi 11 (Soi Phakdi Village). 08:30 AM – 02:30 PM
- Vibhavadi Rangsit Road, Soi Vibhavadi Rangsit 64, Intersection 13. 08:30 AM – 03:00 PM
- The area along the side of Sala Thammasop Road, from Thanthawin Village to Nova Place Village. 08:30 AM – 03:30 PM
- Khlong Sip – Sib Si Road, the area inside Soi Khlong Sip – Sib Si 7, the intersection next to Surao Khlong Sip Ed School. - Phatthanakan Road, Soi Phatthanakan 69, Intersection 2, 4 and 11. - Ratchadaphisek Road, Soi Wisan Village. - Setthakij Road, Soi Setthakij 22-17. - The area along the side of Ratchadaphisek Road, from the area at the beginning of the Soi through Soi inside 66 Village to the area by the side of Bangkok Yai Canal. - The area along the side of Wutthakat Road, from Bang Kho Canal to Soi Wutthakat 46. 08:30 AM – 04:30 PM
- Thian Thale Road, Soi Thian Thale 20, from Soi Sinthawee Thian Thale Village to Soi Thian Thale 20, Intersection 8. 09:00 AM – 12:00 AM
- Bang Khun Thian - Chai Tha Le Road, Soi Thian Thale 22, Intersection 5. 09:00 AM – 03:30 PM
- Thong Lo 25 Road, Soi Phrom Phak, Soi Sukhumvit 49/6. - Sukhumvit Road, Soi Sukhumvit 93 (Soi Phueng Mi 11). Nonthaburi: The power outage areas are;
08:30 AM - 03:30 PM
- The area along the side of Bang Kruai – Sai Noi Road, from the beginning of Soi Grand Pleno Village, Soi Srirat Temple, Sutha Wan Village, Casa Grand Village, Casa City Village, Suk Thong Villa to Centro Village."
MEA,https://www.mea.or.th/en/public-relations/power-outage-notifications/news/NGNp8DEbh,Friday,2020-07-17,"Bangkok : The power outage areas are;
00:00 AM – 03:00 AM
- Srinagarindra Road, Soi Srinagarindra 43 from Soi Promtarawong Condo to Soi Concrete Mixing Plant. 09:00 AM – 03:00 PM
- The area along the side of Sukhumvit Road, Soi Sukhumvit 93, from the area in front of CJ Mini Mart to the waterside area."
MEA,https://www.mea.or.th/en/public-relations/power-outage-notifications/news/NGNp8DEbh,Thursday,2020-07-16,"Bangkok : The power outage areas are;
08:30 AM – 04:30 PM
- Bang Kradi Road, Soi Bang Kradi 19, Intersection 1."
MEA,https://www.mea.or.th/en/public-relations/power-outage-notifications/news/NGNp8DEbh,Wednesday,2020-07-15,"Bangkok : The power outage areas are;
09:30 AM – 02:30 PM
- Sena Nikom Road, Soi Sena Nikom 1, Intersection 17. Samutprakan: The power outage areas are;
09:00 AM - 01:00 PM
- Sridan Road, Soi Sridan 22."
MEA,https://www.mea.or.th/en/public-relations/power-outage-notifications/news/NGNp8DEbh,Tuesday,2020-07-14,"Bangkok : The power outage areas are;
09:00 AM – 01:00 PM
- The area along the side of Udomsuk Road, Soi Udomsuk 56."
MEA,https://www.mea.or.th/en/public-relations/power-outage-notifications/news/NGNp8DEbh,Sunday,2020-07-12,"Bangkok : The power outage areas are;
08:00 AM – 03:30 PM
- Pracha Ruam Chai Road, Soi Pracha Ruam Chai 43. - Suk Sawat Road, Soi Suk Sawat 26, Intersection 24 and 26. - The area along the side of Bang Khun Non Road, Soi Bang Khun Non 1-23 (Bang Khun Non Police Station). - The area along the side of Pracha Uthit Road, Soi Pracha Uthit 5 – 15. 08:00 AM – 04:00 PM
- The area along the side of Ratchada – Rama 3 Express Way Frontage Road, from that in front of the international school to that in front of OCC Project. 08:30 AM – 02:30 PM
- Chao Khun Thahan Road, Soi ICD ( WHA ). - The area along the side of Kheha Rom Klao Road, from the bridge over Lat Bua Khao Canal to the junction at Siam Waxy Co. , Ltd. 08:30 AM – 03:30 PM
- Nak Niwat Road, Soi Nak Niwat 25. - Bang Kradi Road, Soi Bang Kradi 41. - Lat Phrao Road, Soi Lat Phrao 41, Intersection 6-7. - Srinagarindra Road, from Soi Srinagarindra 55 (Suan Luang Rama 9), throughout the area of Seri Villa Village to Soi Srinagarindra 57 (Premier 1) and Nong Bon Canal. - Luang Suwan Road, Soi Rong Sub Community. - The area along the side of Pracha Uthit Road, by the side of Tub Lat Yao Canal. - The area along the side of Phet Kasem 77 Road, from Soi Sawatdikan 1 – 9. 08:30 AM – 04:30 PM
- Sukhumvit 71 Road, from Bankok International Preparatory & Secondary School to Sansiri Campus Office Building. 09:00 AM – 02:00 PM
- Nuan Chan Road, Soi Ram Inthra 40, Inersection 33/1. 09:00 AM – 03:00 PM
- Sukhumvit Road, Soi Sukhumvit 59. Nonthaburi: The power outage areas are;
08:30 AM - 02:30 PM
- Pak Kret Bypass Road, Soi Pak Kret Bypass 40 and 42. Samutprakan: The power outage areas are;
08:00 AM - 03:30 PM
- The area along the side of Bang Na – Trat Road, Km. 26, from Muang Thai Village to the beginning of Soi Thammasiri. 08:00 AM – 04:30 PM
- Ard. Pracha Uthit 90 Road, Soi Khlong Suan – Ban Lang. 09:00 AM – 03:30 PM
- Khu Sang Temple Road, Soi Ta Sod."
MEA,https://www.mea.or.th/en/public-relations/power-outage-notifications/news/NGNp8DEbh,Saturday,2020-07-11,"Bangkok : The power outage areas are;
08:00 AM – 03:30 PM
- Sakae Ngam Road, Soi Sakae Ngam 27. 08:00 AM – 04:00 PM
- Naradhiwas Rajanagarindra Road, Soi 5. 08:30 AM – 02:00 PM
- Sukhaphiban 2 Road, Soi Manthana Village 2, Onnut – Wongwaen. 08:30 AM – 02:30 PM
- Kamphaeng Phet 6 Road, Soi Police – K9 Office. 08:30 AM – 03:00 PM
- Srinagarindra Road, Soi Srinagarindra 57 (Premier 1), from Nong Bon Canal to Premier 1, Intersection 1 – 22. 08:30 AM – 03:30 PM
- Pracha Uthit Road, Soi Pracha Uthit 17. - Phet Kasem Road, Soi Phet Kasem 56 (Soi Sawatdi). - Khlong Nong Yai School Road, Soi Khlong Nong Yai School and the nearby community. - Ratchadaphisek Road, Soi Ratchadaphisek 16. - Sutthisan Road, Soi Inthamara 43. - The area along the side of Kanchanaphisek Road, from Thatthong Building to Pak Nam Canal. - The area along the side of Rat Burana Road, from Bang Chak Gas Station at the beginning of Soi Rat Burana 44 to Soi Rat Burana 46. 08:30 AM – 04:30 PM
- Sukhumvit 71 Road, from Soi Pridi Banomyong 14, Intersection 16 to Kasem Samran 2 Village. 09:00 AM – 12:00 AM
- The area along the side of Pradit Manutham Road, in front of PT Gas Station before Leng Hong Restaurant to the entrance to Sangkhom Songkhro Road. 09:00 AM – 03:00 PM
- Nak Niwat Road, Soi Nak Niwat 42, 44 and 46. - Lat Phrao Road, Soi Lat Phrao 99. Samutprakan: The power outage areas are;
08:30 AM - 03:30 PM
- Bang Phli Noi – Si Long Road, Soi Bang Nang Peng Temple."
MEA,https://www.mea.or.th/en/public-relations/power-outage-notifications/news/VQuy1PTL0,Friday,2020-07-10,"Bangkok : The power outage areas are;
00:00 AM – 03:00 AM
- Srinagarindra Road, Soi Concrete Mixing Plant (Concrete Plant) and Soi Promtarawong Co. , Ltd. 09:30 AM – 02:30 PM
- Lat Phrao Road, Soi Lat Phrao 41/1."
MEA,https://www.mea.or.th/en/public-relations/power-outage-notifications/news/VQuy1PTL0,Thursday,2020-07-09,"Bangkok : The power outage areas are;
08:30 AM – 03:30 PM
- Kanchanaphisek Road, Evergreen City Village, Soi 2, 4, 6, 8, 9, 10, 11. 09:00 AM – 03:30 PM
- Phatthanakan Road, Soi Phatthanakan 32. 09:30 AM – 03:30 PM
- Ratchadaphisek Road, Soi Ratchadaphisek 42, Intersection 8."
MEA,https://www.mea.or.th/en/public-relations/power-outage-notifications/news/VQuy1PTL0,Wednesday,2020-07-08,"Bangkok : The power outage areas are;
09:00 AM – 02:00 PM
- Sukhumvit 71 Road (Soi Pridi Banomyong 31), from the area at the beginning of the Soi to that in the middle before Le Chateau Mansion."
MEA,https://www.mea.or.th/en/public-relations/power-outage-notifications/news/VQuy1PTL0,Tuesday,2020-07-07,"Bangkok : The power outage areas are;
08:00 AM – 03:30 PM
- The area along the side of Suwinthawong Road, from the area in front of PT Gas Station to Nimit Mai Intersection. 08:30 AM – 03:30 PM
- Lasalle Road, Soi Lasalle 24, Thong Yu 1 Intersection, the intersection at Lasalle Niwet 1 – 4, 9 Village and Lasalle Place Village. - The area along the side of Phahonyothin Road, around Lak Si Roundabout, opposite Bang Khen Police Station, nearby Soi Soi Chang Watthana 2."
MEA,https://www.mea.or.th/en/public-relations/power-outage-notifications/news/VQuy1PTL0,Monday,2020-07-06,"Bangkok : The power outage areas are;
08:00 AM – 03:30 PM
- The area along the side of Suwinthawong Road, from the area in front of MEGA HOME to that in front of RK Park Village. 08:30 AM – 03:30 PM
- Sukhumvit 107 Road (Baring), from Soi Baring 9, Soi Baring 13, Santi Phum 2 – 5 Intersecetion, Thong Yu 2 Intersection, Ruam Silp Woodwork Intersection, and Soi Baring 15. Samutprakan: The power outage areas are;
08:30 AM - 10:30 AM
- Phuchao Saming Phray Road, around Soi Ta Rua Petra, Old Thai – India Streel Plant. 08:30 AM – 01:00 PM
- Sukhumvit 107 Road (Soi Baring), Soi Baring 17, Soi Baring 36 – 38 and the area on the opposite site. 11:00 AM – 01:30 PM
- Phuchao Saming Phray Road, Soi MM Mansion Bang Ya Praek - Phuchao Saming Phray. 01:30 PM – 03:30 PM
- The area along the side of Phuchao Saming Phray Road, the area at the beginning of Soi Thong Khung Temple."
MEA,https://www.mea.or.th/en/public-relations/power-outage-notifications/news/VQuy1PTL0,Sunday,2020-07-05,"Bangkok : The power outage areas are;
08:00 AM – 03:30 PM
- Nakhon Chaisi Road, Soi Si Kham. 08:30 AM – 03:30 PM
- Lat Plakhao Road, Soi Lat Plakhao 60 and 64. - The area along the side of Motorway Frontage Road, from the Frontage Road, 25 tob Soi Chan Saeng Suk. - The area along the side of Ramkhamhaeng Road, from Soi Ramkhamhaeng 159/2 – 167/1, Samutprakan: The power outage areas are;
08:00 AM - 04:30 PM
- The area along the side of Ard. Pracha Uthit 90 Road, from the beginning of Soi P. K. Garden Village (except the area inside the village), to the beginning of Soi Kaew Sukho. 08:30 AM – 03:30 PM
- Sukhumvit 107 Road (Baring) from Soi Baring 32 – 34."
MEA,https://www.mea.or.th/en/public-relations/power-outage-notifications/news/VQuy1PTL0,Saturday,2020-07-04,"Bangkok : The power outage areas are;
08:30 AM – 03:30 PM
- Pracha Rat Sai 2 Road, Soi Sapan Khwa, the area along the side of South Pracha Rat Sai 2, from Tao Poon Intersection to Soi Phatthana. - The area along the side of Ramkhamhaeng Road, from Soi Ramkhamhaeng 158, Pricha Village to Betterway (Thailand) Co. , Ltd (Mistine). Nonthaburi: The power outage areas are;
08:30 AM - 02:00 PM
- The area along the side of Sai Ma Road, Prueksa Village, from Prueksa Bang Rak Noi 15 Village to the beginning of Soi Sai Ma, by the side of Rattanathibet Road. - Bang Kruai – Sai Noi Road, Soi Samwang (Throughout the Soi)."
MEA,https://www.mea.or.th/en/public-relations/power-outage-notifications/news/63CEqwkZa,Friday,2020-07-03,"Bangkok: The power outage areas are;
03:00 AM - 05:00 AM
- Seri Thai Road, Soi Seri Thai 72. 09:30 AM - 01:00 PM
- Panya Indra Road, Panya Indra Village, P. 5, Soi 4."
MEA,https://www.mea.or.th/en/public-relations/power-outage-notifications/news/63CEqwkZa,Thursday,2020-07-02,"Bangkok: The power outage areas are;
09:00 PM - 05:00 AM
- The area along the side of Sihaburanukit Road, Soi Sihaburanukit 2 – 10."
MEA,https://www.mea.or.th/en/public-relations/power-outage-notifications/news/63CEqwkZa,Wednesday,2020-07-01,"Bangkok: The power outage areas are;
09:30 AM - 02:30 PM
- Sai Mai Road, Soi Sai Mai 56, Prueksa Prime 94 Village."
MEA,https://www.mea.or.th/en/public-relations/power-outage-notifications/news/63CEqwkZa,Tuesday,2020-06-30,"Bangkok: The power outage areas are;
09:00 AM – 01:00 PM
- Pracha Uthit Road, Soi Pracha Uthit 76."
MEA,https://www.mea.or.th/en/public-relations/power-outage-notifications/news/63CEqwkZa,Monday,2020-06-29,"Bangkok: The power outage areas are;
08:30 AM – 03:30 PM
- Phatthanakan Road, from the area at the end of Soi Phatthanakan 32 to that by the side of the canal before crossing to Prueksa Ville Project. 10:00 PM – 05:00 AM
- The area along the side of Lat Phrao Road, from the beginning of Soi Lat Phrao 56 to the beginning of Soi Lat Phrao 58."
MEA,https://www.mea.or.th/en/public-relations/power-outage-notifications/news/63CEqwkZa,Sunday,2020-06-28,"Bangkok : The power outage areas are;
08:00 AM – 03:30 PM
- The area along the side of Rom Klao Road, Soi Rom Klao 26. 08:30 AM – 02:00 PM
- Sihaburanukit Road, Soi the Social Security Office (Siang Sombun). - Sukhaphiban 2 Road, Soi 12. 08:30 AM – 03:30 PM
- Phet Kasem Road, Soi Phet Kasem 110, Maha Son Canal, Soi Rong Uan, Rong Tho. - Ram Inthra Road, Soi Ram Inthra 3, from the area in front of Lumpini Condo to Central Ram Inthra. - On Nut Road, Soi On Nut 65. - The area along the side of Hua Mak Road, from Soi Hua Mak 14 – 24. 09:00 AM – 12:00 AM
- Phet Kasem Road, Soi Phet Kasem 25. 09:00 AM – 02:00 PM
- Sukhonthasawat Road, Soi Sukhonthasawat 38. 09:00 AM – 03:00 PM
- Rama Nine Road, from Soi Rama Nine 53 – 55 (Only the area from the middle to the end of the Soi). - Lat Phrao Road, from the beginning of Soi Lat Phrao 87, Intersection 18 – 28. Nonthaburi: The power outage areas are;
08:30 AM - 03:30 PM
- The area along the side of Khun Si Canal, around that in front of Khun Si Temple. Samutprakan: The power outage areas are;
08:00 AM - 03:30 PM
- The area along the side of Sukhumvit Road, in front of Bang Pu Recreation Centre. 08:30 AM - 02:00 PM
- Theparak Road, Km. 24, Soi Bang Phli Phatthana Warehouse. 08:30 AM - 03:30 PM
- The area along the side of Tamru – Bang Phli Road, from that in front of Bang Tamru Electricity Substation to Wararom Lake View Phase 1 Village and the blocks connecting to the village."
MEA,https://www.mea.or.th/en/public-relations/power-outage-notifications/news/63CEqwkZa,Saturday,2020-06-27,"Bangkok : The power outage areas are;
08:00 AM – 04:00 PM
- The area along the side of Chan Road, Soi Chan 25 – 25/1. - The area along the side of Sathu Pradit Road, Soi Sathu Pradit 2. 08:30 AM – 02:00 PM
- Khum Thong-Lam Toi Ting, Soi Khum Thong-Lam Toi Ting 1. 08:30 AM – 02:30 PM
- The area along the side of Phaya Mai Road, from Soi Uthai to Chao Phraya River. 08:30 AM – 03:30 PM
- Ramkhamhaeng Road, Soi Ramkhamhaeng 26/1 and 26/2. - Suwinthawong Road, Soi Suwinthawong 64, Soi Chok Thana, Khrueawan Village, Ban UEA Arthorn Kaeo Pradap Project, Phibunsap Village, Khrueawan Phase 3 Village, Khrueawan Park Suwinthawong Village and the area along Lam Khaek Canal. - Hua Mak Road, Soi Hua Mak 28. - The area along the side of Rom Klao - Srinagarindra Road, the area along the side of Song Ton Nun Canal. - The area along the side of Hua Mak Road, from Soi Hua Mak  24 – 34. 09:00 AM – 03:00 PM
- Pradit Manudham Road, Soi Sang Mang (Yothin Phatthana 1) (Throughout the Soi). - Sukhumvit 101, Soi Punnawithi 13 (Throughout the Soi). 09:00 AM – 03:30 PM
- Phahonyothin Road, Soi Phahonyothin 2/1. 09:30 AM – 02:00 PM
- Pradit Manudham Road, Soi  Krua Sabai Restaurant. Samutprakan: The power outage areas are;
08:00 AM - 05:00 PM
- Suwannabhumi Canal Road, Soi Rama – Bang Phli Hospital. 08:30 AM - 03:30 PM
- Chanyawat Road, Soi Chanyawat 2 – Soi The Primary Bang Na Football Field."
MEA,https://www.mea.or.th/en/public-relations/power-outage-notifications/news/Ow3LY0f3A,Friday,2020-06-19,"Bangkok: The power outage areas are;
09:00 AM - 03:00 PM
- Sukhumvit 71, from Soi Pridi Banomyong 25 – 23 (some area at the end of the Soi)."
MEA,https://www.mea.or.th/en/public-relations/power-outage-notifications/news/Ow3LY0f3A,Wednesday,2020-06-17,"Bangkok: The power outage areas are;
08:30 AM - 03:30 PM
- Sukhumvit 55 Road, from the area in the middle of Soi Thong Lo 20 (Chaem Chan) to the intersection at the beginning of Soi Chaem Chan Community. 09:30 AM – 01:00 PM
- Panya Indra Road, Panya Indra P5 Village, Soi 1."
MEA,https://www.mea.or.th/en/public-relations/power-outage-notifications/news/Ow3LY0f3A,Tuesday,2020-06-16,"Bangkok: The power outage areas are;
09:30 AM – 12:00 AM
- Lat Phrao Road, Soi Lat Phrao 19. 10:00 PM – 05:00 AM
- Lat Phrao Road, from the beginning of Soi Lat Phrao 80 to the beginning of Soi Lat Phrao 84."
MEA,https://www.mea.or.th/en/public-relations/power-outage-notifications/news/Ow3LY0f3A,Monday,2020-06-15,"Bangkok: The power outage areas are;
09:30 AM - 12:00 AM
-  Vibhavadi Rangsit Road, Soi Vibhavadi Rangsit 60, Intersection 18/1 – 18/4. - The area along the side of Prasert-Manukitch Road, from the beginning of Soi Chaem Chan to the area before Lertlah School. 10:00 PM – 05:00 AM
- The area along the side of Chaeng Watthana Road, the waterside community, next to Max Valu Mall."
MEA,https://www.mea.or.th/en/public-relations/power-outage-notifications/news/Ow3LY0f3A,Sunday,2020-06-14,"Bangkok: The power outage areas are;
08:00 AM - 02:00 PM
- Arun Amarin Road, Soi Arun Amarin 1. 08:00 AM – 03:30 PM
- Tha Kham Road, Soi Tha Kham 8, the intersection to Soi 1/2, around the end of the Soi area. 08:30 AM – 03:00 PM
- Ramkhamhaeng Road, Soi Ramkhamhaeng 17. 08:30 AM – 03:30 PM
- Rom Klao Road, from Soi Rom Klao 21/1 (Samakkhi Ruam Mit) to Chao Khun Thahan Intersection. - Sukhumvit 71 Road (Pridi Banomyong), some area of Soi Pridi Banomyong 26 (Phatthana Wet 10 Intersection). - The area along the side of Kanchanaphisek Road, from Honda Car Service Kanchanaphisek to the furniture shop. - The area along the side of Charan Sanitwong Road, around Soi Charan Sanitwong 74/1. - The area along the side of Ram Inthra Road, from Soi Ram Inthra 84 to Bang Chak Gas Station. - The area along the side of the outbound Vibhavadi Rangsit Road, from Soi Vibhavadi Rangsit 4 – 8, Osotspa PCL, and the area in front of Lat Yao Fire Station. 09:00 AM – 11:00 AM
- Si Vara Road, from Soi Town In Town 9 – 11. 09:00 AM – 12:00 AM
- Chok Chai 4 Road, Soi Chok Chai 4, Intersection 84. 09:00 AM – 01:00 PM
- Srinagarindra Road, Soi Srinagarindra 55. 09:00 AM – 02:00 PM
- Lat Phrao Road, the area around the police flat of Lat Phrao Police Station. 09:00 AM – 03:00 PM
- Sihaburanukit Road, Soi Minburi Public Prosecutor Office. Nonthaburi: The power outage areas are;
08:30 AM - 03:30 PM
- Bang Kruai – Sai Noi Road, Soi Bang Len Charoen Temple. Samutprakan: The power outage areas are;
08:00 AM - 03:30 PM
- Khu Sang Temple Road, Soi Khu Sang Temple, Soi Sri Rat Intersection. - Suk Sawat Road, Soi Suk Sawat 39, around the curve at 2 B Sojourn House Hotel. - The area along the side of Khlong Khud – Bang Phli Road, from the area in front of Bang Tamru Substation to the satellite dish shop."
MEA,https://www.mea.or.th/en/public-relations/power-outage-notifications/news/Ow3LY0f3A,Saturday,2020-06-13,"Bangkok : The power outage areas are;
08:00 AM – 02:00 PM
- The area along the side of Itsaraphap Road, from Big C Super Center to Charoenpat Bridge. 08:00 AM – 03:00 PM
- Pracha Uthit Road, Soi Pracha Uthit 72, from Sinbodee 2 Village to 72 Ban Suan Village, Phase 2, Lally Ville Village Soi Muslim Bamrung School. 08:00 AM – 03:30 PM
- Bang Waek Road, from Soi Bang Waek Canal Waterside Community, Chai Chimphli Temple, Soi Phet Kasem 48, Intersection 24 to Soi Bang Waek 69, Intersection 3. - Samae Dam Road, Soi Samae Dam 5, Intersection 2-4. 08:30 AM – 10:30 AM
- Phet Kasem Road, Soi Phet Kasem 63/2. 08:30 AM – 01:00 PM
- Ekkachai Road, Soi Ekkachai 76/1, Thanabodi Village. 08:30 AM – 03:00 PM
- Sala Thammasop Road, Soi Sala Thammasop 26, Chitnara Village, Chalida Village. 08:30 AM – 03:30 PM
- Pracha Uthit Road, Soi Pracha Uthit 90, the area around Sarasas Witaed Suksa School. - Rat Burana Road, from Soi Rat Burana 48 to Bang Chak Gas Station at the beginning of Soi Rat Burana 44. - The area along the side of Kanchanaphisek Road, from Bangkok Noi Canal to the curve heading to the new Phrannok - Phutthamonthon Sai 4 Road. - The area along the side of Ramkhamhaeng Road, from Soi Ramkhamhaeng 190/2 to Ramkhamhaeng Housing (along the side of Song Ton Nun Canal). - The area along the side of Sukumvit 71 Road (Pridi Banomyong), from the beginning of Soi Pridi Banomyong (and some area inside the Soi) to the beginning of Soi Pridi Banomyong 34 (and some area inside the Soi). 09:00 AM – 12:00 AM
- Chok Chai 4 Road, Soi Chok Chai 4, Interseciton 8. 09:00 AM – 01:00 PM
- Nuan Chan Road, Soi Nuan Chan 56. - Phatthanakan Road, Soi Phatthanakan 53, Intersection 9. 09:00 AM – 03:30 PM
- Sukhumvit 101 Road, Soi Punnawithi 29. 09:30 AM – 01:30 PM
- Happy Land Road, from Soi Happy Land 12 – 16, Chat Kaeo Village. Nonthaburi : The power outage areas are;
08:30 AM – 03:30 PM
- The area along the side of Khlong Bang Phai Frontage Road, from Krua Long Ko Mu Yang Restaurant to  the community along both sides of the canal."
MEA,https://www.mea.or.th/en/public-relations/power-outage-notifications/news/OtgSFfIkt,Wednesday,2020-06-10,"Bangkok : The power outage areas are;
09:30 AM - 01:00 PM
- Prasert-Manukitch Road, Soi Prasert-Manukitch 29, Intersection 4. 10:00 PM - 05:00 AM
- The area along the side of Srinagarindra Road, from Bangkapi Junction to the bridge over Saen Saep Canal."
MEA,https://www.mea.or.th/en/public-relations/power-outage-notifications/news/OtgSFfIkt,Tuesday,2020-06-09,"Bangkok : The power outage areas are;
09:30 AM - 01:00 PM
- Panya Indra Road, Panya Indra Village, P 5, Soi 1."
MEA,https://www.mea.or.th/en/public-relations/power-outage-notifications/news/OtgSFfIkt,Monday,2020-06-08,"Bangkok : The power outage areas are;
09:30 AM - 01:00 PM
-  Sangkhom Songkhro Road, Soi Sangkhom Songkhro 26 (only the beginning of the Soi area)."
MEA,https://www.mea.or.th/en/public-relations/power-outage-notifications/news/OtgSFfIkt,Sunday,2020-06-07,"Bangkok: The power outage areas are;
08:30 AM - 01:00 PM
- Charan Sanitwong Road, Soi Charan Sanitwong 25, Intersection 16. 08:30 AM - 03:30 PM
- Chaeng Watthana Road, Soi inside Phranakhon Rajabhat University, the area nearby the exit zone. - The area along the side of Ram Inthra Road, from AEY Auto Import Co. , Ltd to the"
MEA,https://www.mea.or.th/en/public-relations/power-outage-notifications/news/OtgSFfIkt,Saturday,2020-06-06,"Bangkok : The power outage areas are;
08:00 AM – 03:30 PM
- Phraratchawiriyaphon Road, Soi Phraratchawiriyaphon 16. 08:00 AM – 04:00 PM
- Suk Sawat Road, Soi Suk Sawat 70, Intersection 14. 08:30 AM – 03:00 PM
- Sala Thammasop Road, Soi Sala Thammasop 3 (throughout the Soi), Soi Sala Thammasop 8, Butsarakham Park Village and Paradise Ville Village. 08:30 AM – 03:30 PM
- Ramkhamhaeng Road, Soi Ramkhamhaeng 56. - The area along the side of Sukhothai Road, at the side of Vajira Hospital, from the intersection area between Sukhothai Road and Khao Road to the intersection between Sukhothai Road and Samsen Road. 09:00 AM – 03:30 PM
- Ramkhamhaeng Road, from Soi Ramkhamhaeng 1/1 (some area) to Soi Ramkhamhaeng 3 and 3/1. Samutprakan : The power outage areas are;
08:00 AM – 03:30 PM
- Phraratchawiriyaphon Road, Soi Phraratchawiriyaphon 16."
MEA,https://www.mea.or.th/en/public-relations/power-outage-notifications/news/zmIlVRAZb,Friday,2020-06-05,"Bangkok : The power outage areas are;
08:30 AM - 01:00 PM
- Chaiyaphruek Road, Soi Sam Wang (Throughout the Soi)."
MEA,https://www.mea.or.th/en/public-relations/power-outage-notifications/news/zmIlVRAZb,Thursday,2020-06-04,"Bangkok : The power outage areas are;
08:30 AM - 01:00 PM
- Phahonyothin Road, Soi Phahonyothin 58, Intersection 32, 51, 53, 55, 57, 59."
MEA,https://www.mea.or.th/en/public-relations/power-outage-notifications/news/zmIlVRAZb,Tuesday,2020-06-02,"Bangkok : The power outage areas are;
08:30 AM - 02:30 PM
- Vibhavadi Rangsit Road, Soi Vibhavadi Rangsit 3, the area around the first right turn from the beginning of the Soi. 09:00 AM – 02:00 PM
- Panya Indra Road, Panya Indra P1 Village, Soi 7 – 7/4. Nonthaburi : The power outage areas are;
08:30 AM - 02:00 PM
- The area along the side of Sukhaphiban 1 Road, from Soi Bang Si Muang 1/11 to the blocks number 88/14. Samutprakan : The power outage areas are;
08:00 AM - 04:30 PM
- Pracha Uthit – Ard. Road, the area around Suk Samran Canal Village."
MEA,https://www.mea.or.th/en/public-relations/power-outage-notifications/news/zmIlVRAZb,Sunday,2020-05-31,"Bangkok: The power outage areas are;
08:30 AM - 03:30 PM
- Rama 2 Road, Soi 82, Soi Promrat Rangsan School Junction and Soi Sahapop Engineering Co. , Ltd. - The area along the side of Srinagarindra Road, from the intersection between the beginning of Srinagarindra Road and Ramkhamhaeng Road to the area in front of the steel shop. 09:00 AM – 02:00 PM
- The area along the side of Sukhonthasawat Road, from the entrance to Kiatthada Driving Range to the area along the side of Sua Noi Canal. Nonthaburi : The power outage areas are;
08:30 AM - 01:00 PM
- The area along the side of Nakhon In Road, from the community along both sides of Bang Si Thong Canal to the entrance to Tesco Lotus. Samutprakan : The power outage areas are;
08:30 AM - 01:00 PM
- Sukhumvit 113 Road, Soi Dan Samrong 10 and 12."
MEA,https://www.mea.or.th/en/public-relations/power-outage-notifications/news/zmIlVRAZb,Saturday,2020-05-30,"Bangkok : The power outage areas are;
08:30 AM – 02:30 PM
- Phahonyothin Road, the Soi that is kitty-corner from the beginning of Soi Phahonyothin 56. - Pracha Uthit Road, from Soi Khlong Lum Bua to Soi Prem Pri 1 and 2. 09:00 AM – 02:00 PM
- Nak Niwat Road, from Soi Nak Niwat 2, Intersection 1 – 11. Nonthaburi : The power outage areas are;
08:30 AM - 01:30 PM
- Tiwanon Road, Bond Street Intersection, Soi Muang Thong Thani Village, Phase 2, Zone D, Soi D3 – D6. Samutprakan : The power outage areas are;
01:00 PM - 03:00 PM
- Suk Sawat - Phra Chulachomklao Fort Road, Soi Uea Athon Village (Mo Bang)."
MEA,https://www.mea.or.th/en/public-relations/power-outage-notifications/news/FVuT3ItRY,Thursday,2020-05-28,"Bangkok : The power outage areas are;
09:00 PM - 05:00 AM
- The area along the side of Chalong Krung Road, from that in front of Lat Krabang Industrial Estate to IPLACE Mall."
MEA,https://www.mea.or.th/en/public-relations/power-outage-notifications/news/FVuT3ItRY,Wednesday,2020-05-27,"Bangkok : The power outage areas are;
09:00 AM - 01:00 PM
- Sukhumvit 55 Road, (Thong Lo), Soi Thong Lo 25, Tipamas Mansion. 10:00 PM - 05:00 AM
- The area along the side of Lat Phrao Road, from the beginning of Soi Chok Chai 4 to Soi Lat Phrao 55/1."
MEA,https://www.mea.or.th/en/public-relations/power-outage-notifications/news/FVuT3ItRY,Monday,2020-05-25,"Bangkok : The power outage areas are;
08:30 AM - 02:30 PM
- Ngam Wong Wan Road, Soi Ngam Wong Wan 46."
MEA,https://www.mea.or.th/en/public-relations/power-outage-notifications/news/FVuT3ItRY,Sunday,2020-05-24,"Bangkok: The power outage areas are;
08:30 AM - 03:00 PM
- The area along the side of Charan Sanitwong Road, from Viriyah Insurance Co. , Ltd, Bang Phlat Branch to the beginning of Soi Charan Sanitwong 73/1. 08:30 AM – 03:30 PM
- The area along the side of Bang Bon 3 Road, the area inside Sunthon 5 Village. - The area along the side of Rom Klao Road, from Soi Rom Klao 1 to Pricha Village and the area at the beginning of Soi Rom Klao 3. - The area along the side of Sawatdikan 2 Road, and that inside Soi Sawatdikan 2, Soi 20. 09:00 AM – 02:00 PM
- Nak Niwat Road, Soi Nak Niwat 48, Intersection 14. - The area along the side of Nuan Chan Road, from that in front of the Public Health Center 56, Tub Charoen to the area in front of Nuan Chan Temple. 09:00 AM – 03:00 PM
- Ramkhamhaeng Road (outbound), Soi Ramkhamhaeng 17 (Throughout the Soi). - Sukhumvit 23 Road, some area inside Srinakharinwirot University (Only the Faculty of Physical Education, the dormitory of Phet Nai Tom Student and some part of the residential area. Samutprakan : The power outage areas are;
08:00 AM - 03:00 PM
- Phuchao Saming Phray Road, Thetsaban Samrong Tai 5 (Wattana Garage), Soi Powder Plus Co. , Ltd and Mahajak Industry Co. , Ltd."
MEA,https://www.mea.or.th/en/public-relations/power-outage-notifications/news/FVuT3ItRY,Saturday,2020-05-23,"Bangkok : The power outage areas are;
08:30 AM – 03:30 PM
- The area along the side of Pracha Uthit Road, from Pracha Uthit Community to Soi Prem Pri 3. - The area along the side of Ekkachai Road, the Soi next to Bangpakok 8 Hospital. 09:00 AM – 01:00 PM
- Prasert-Manukitch Road, Soi Prasert-Manukitch 29, Intersection 8. - Lat Phrao Road, from Soi Lat Phrao 122, Intersection 11 – 15. - Sukhumvit 63 Road (Ekkamai), Soi Ekkamai 23 (Only United Suite Hotel). 09:00 AM – 03:00 PM
- Phatthanakan Road, Soi Phatthanakan 20, Intersection 8 (Throughout the Soi), from the beginning of Soi Phatthanakan 33 to the beginning of Soi Phatthanakan 35 (Throughout the Soi and the area along the side of Lao Canal. 09:00 AM – 03:30 PM
- Lat Phrao Road, Soi Lat Phrao 64, Intersection 10."
MEA,https://www.mea.or.th/en/public-relations/power-outage-notifications/news/UmmKWPjED,Wednesday,2020-05-20,"Bangkok : The power outage areas are;
09:00 AM – 03:00 PM
- Phatthanakan Road, Soi Phatthanakan 20, Intersection 7 (Nurul Islam Mosque Ban Pa)."
MEA,https://www.mea.or.th/en/public-relations/power-outage-notifications/news/UmmKWPjED,Tuesday,2020-05-19,"Bangkok : The power outage areas are;
08:30 AM – 03:30 PM
- The area along the side of Prannok Road, from the curve at Prannok Intersection to the beginning of Soi Prannok 16."
MEA,https://www.mea.or.th/en/public-relations/power-outage-notifications/news/UmmKWPjED,Sunday,2020-05-17,"Bangkok : The power outage areas are;
09:00 AM – 03:00 PM
- Rama Nine Road, Soi Rama Nine 35. Nonthaburi : The power outage areas are;
08:30 AM – 03:00 PM
- The area along the side of Kanchanaphisek Road, around the beginning of Soi Kaew In. Samutprakan : The power outage areas are;
08:00 AM - 03:00 PM
- Sukhumvit – Khlong Dan Road, Soi Siwarom Village (Throughout the village). 08:00 AM - 05:00 PM
- Sukhumvit Road, Soi Thetsaban Bang Pu 71/1 (SME)."
MEA,https://www.mea.or.th/en/public-relations/power-outage-notifications/news/oIbbrauU8,Tuesday,2020-04-28,"Samutprakan : The power outage areas are;
09:00 AM – 12:00 AM
- Sukhumvit Road, Soi Samut Niwet 21."
MEA,https://www.mea.or.th/en/public-relations/power-outage-notifications/news/oIbbrauU8,Sunday,2020-04-26,"Bangkok : The power outage areas are;
08:30 AM – 10:00 AM
- Bang Waek Road, Cholakarn Village. 10:30 AM – 11:30 AM
- Ekkachai Road, Soi Ekkachai 89/2. Samutprakan : The power outage areas are;
08:00 AM - 05:00 PM
- Sukhumvit Road, Soi Liap Samutprakan Central Prison."
MEA,https://www.mea.or.th/en/public-relations/power-outage-notifications/news/oIbbrauU8,Saturday,2020-04-25,"Bangkok : The power outage areas are;
08:30 AM – 09:30 AM
- Kanchanaphisek Road, Soi Phet Wongwaen Village. 08:30 AM – 03:30 PM
- The area along the side of Pracha Uthit Road, from Soi  Prem Pri 3 to Pracha Uthit Community. Samutprakan : The power outage areas are;
08:30 AM - 03:30 PM
- The area along the side of Phuchao Saming Phray Road, in front of Sam Rong Tai Police Station."
MEA,https://www.mea.or.th/en/public-relations/power-outage-notifications/news/o4MzW2qvU,Tuesday,2020-04-14,"Bangkok : The power outage areas are;
08:30 AM – 11:00 AM
- Sukhaphiban 5 Road, Soi Hok Phi Nong, Setthasiri Home Project."
MEA,https://www.mea.or.th/en/public-relations/power-outage-notifications/news/o4MzW2qvU,Sunday,2020-04-12,"Bangkok : The power outage areas are;
08:30 AM – 03:30 PM
- Srinagarindra Road, Soi Srinagarindra 63 (Soi Boodsakorn). Samutprakan : The power outage areas are;
08:00 AM - 03:30 PM
- Thai Ban Road, Soi Rong Kradad."
MEA,https://www.mea.or.th/en/public-relations/power-outage-notifications/news/HBZoTc9tR,Saturday,2020-04-04,"Bangkok : The power outage areas are;
08:30 AM – 03:30 PM
- Pracha Uthit Road, around Soi Pracha Uthit (the area along the side of Lam Ta U Canal). - The area along the side of Ramkhamhaeng Road, from Soi Ramkhamhaeng 190/2 to Ramkhamhaeng National Housing Authority (along the side of Saen Saep Canal)."
MEA,https://www.mea.or.th/en/public-relations/power-outage-notifications/news/EEEJwV5sX,Monday,2020-03-30,"Bangkok : The power outage areas are;
09:00 AM – 03:00 PM
- Nawamin Road, Soi Nawamin 90. Samutprakan : The power outage areas are;
09:00 AM - 11:00 AM
- Sukhumvit Road, the area behind Pak Nam Fire Station, Soi Nakhon Thong – Kamnan Chong – Amondet 16 Village."
MEA,https://www.mea.or.th/en/public-relations/power-outage-notifications/news/EEEJwV5sX,Sunday,2020-03-29,"Bangkok : The power outage areas are;
08:30 AM – 02:30 PM
- Lat Phrao Road, Soi Lat Phrao 43."
